[{"model": "contenttypes.contenttype", "pk": 1, "fields": {"app_label": "admin", "model": "logentry"}}, {"model": "contenttypes.contenttype", "pk": 2, "fields": {"app_label": "auth", "model": "permission"}}, {"model": "contenttypes.contenttype", "pk": 3, "fields": {"app_label": "auth", "model": "group"}}, {"model": "contenttypes.contenttype", "pk": 4, "fields": {"app_label": "auth", "model": "user"}}, {"model": "contenttypes.contenttype", "pk": 5, "fields": {"app_label": "contenttypes", "model": "contenttype"}}, {"model": "contenttypes.contenttype", "pk": 6, "fields": {"app_label": "sessions", "model": "session"}}, {"model": "contenttypes.contenttype", "pk": 7, "fields": {"app_label": "app", "model": "classes"}}, {"model": "contenttypes.contenttype", "pk": 8, "fields": {"app_label": "app", "model": "student"}}, {"model": "contenttypes.contenttype", "pk": 9, "fields": {"app_label": "app", "model": "step"}}, {"model": "contenttypes.contenttype", "pk": 10, "fields": {"app_label": "app", "model": "activity"}}, {"model": "contenttypes.contenttype", "pk": 11, "fields": {"app_label": "app", "model": "studentinformations"}}, {"model": "contenttypes.contenttype", "pk": 12, "fields": {"app_label": "app", "model": "node"}}, {"model": "contenttypes.contenttype", "pk": 13, "fields": {"app_label": "app", "model": "course"}}, {"model": "contenttypes.contenttype", "pk": 14, "fields": {"app_label": "app", "model": "level"}}, {"model": "contenttypes.contenttype", "pk": 15, "fields": {"app_label": "app", "model": "teacher"}}, {"model": "sessions.session", "pk": "09ntgnjmiyxjt1px0rm550yrwsanmi84", "fields": {"session_data": "MjA2MjI4N2QyNDk5MzY3MDc5N2NlMDNjYmZhZjJjMzFhOTliM2M5MDp7fQ==", "expire_date": "2018-11-03T14:14:45.414Z"}}, {"model": "sessions.session", "pk": "1302afmk8pbwh2x533kamczrefpdyyv9", "fields": {"session_data": "YmRmMjgwY2M5MzI4ZTI0OGE0N2RiZWY4ZTUzNmNjNDgyOTcwN2QwNDp7Il9hdXRoX3VzZXJfaGFzaCI6ImI4OGRkMzkyM2UyN2QyYzFlNzM2ODU2MTFhNTBlMjA2ZTE3YjM5YmUiLCJfYXV0aF91c2VyX2lkIjoiMSIsIl9hdXRoX3VzZXJfYmFja2VuZCI6ImRqYW5nby5jb250cmliLmF1dGguYmFja2VuZHMuTW9kZWxCYWNrZW5kIn0=", "expire_date": "2018-09-25T22:44:49.582Z"}}, {"model": "sessions.session", "pk": "2wr0u5yvpefra2aphykmkh18cq16cuwk", "fields": {"session_data": "YmRmMjgwY2M5MzI4ZTI0OGE0N2RiZWY4ZTUzNmNjNDgyOTcwN2QwNDp7Il9hdXRoX3VzZXJfaGFzaCI6ImI4OGRkMzkyM2UyN2QyYzFlNzM2ODU2MTFhNTBlMjA2ZTE3YjM5YmUiLCJfYXV0aF91c2VyX2lkIjoiMSIsIl9hdXRoX3VzZXJfYmFja2VuZCI6ImRqYW5nby5jb250cmliLmF1dGguYmFja2VuZHMuTW9kZWxCYWNrZW5kIn0=", "expire_date": "2018-11-03T01:19:28.492Z"}}, {"model": "sessions.session", "pk": "3w1m4coby50d6rt1fq81y28xh0s3cmvh", "fields": {"session_data": "ZDYyNDQ1MGM2ZTc5Y2I2NjEzOTIwMGNlNGZiNzIyZmIwZjlmZjUxNDp7Il9hdXRoX3VzZXJfYmFja2VuZCI6ImRqYW5nby5jb250cmliLmF1dGguYmFja2VuZHMuTW9kZWxCYWNrZW5kIiwiX2F1dGhfdXNlcl9pZCI6IjEiLCJfYXV0aF91c2VyX2hhc2giOiJiODhkZDM5MjNlMjdkMmMxZTczNjg1NjExYTUwZTIwNmUxN2IzOWJlIn0=", "expire_date": "2018-11-20T02:40:38.636Z"}}, {"model": "sessions.session", "pk": "4rnzncx2aapoxwcb7p867n21ph2y5u3h", "fields": {"session_data": "MmZhMDg5YjM3MGU1ZTFjZmUxMzVkNWVjZDgxMzQ3NzAwNThhNjA2NTp7Il9hdXRoX3VzZXJfaWQiOiIxIiwiX2F1dGhfdXNlcl9iYWNrZW5kIjoiZGphbmdvLmNvbnRyaWIuYXV0aC5iYWNrZW5kcy5Nb2RlbEJhY2tlbmQiLCJfYXV0aF91c2VyX2hhc2giOiJiODhkZDM5MjNlMjdkMmMxZTczNjg1NjExYTUwZTIwNmUxN2IzOWJlIn0=", "expire_date": "2018-10-02T03:42:40.547Z"}}, {"model": "sessions.session", "pk": "8llyf6xmd6dj3yikdlznj17rhzn1t9vi", "fields": {"session_data": "ZmEyNmU3ZjVhOTUzOGUzNmRlOWQ3NDIwYTBiZDU2NDdiM2FjMjgzZjp7Il9hdXRoX3VzZXJfYmFja2VuZCI6ImRqYW5nby5jb250cmliLmF1dGguYmFja2VuZHMuTW9kZWxCYWNrZW5kIiwiX2F1dGhfdXNlcl9oYXNoIjoiNDExOTZhNjUxYzk2YzRjY2U0MzI1MDA4NDA5NmE2MDFmMDIwN2Q1ZSIsIl9hdXRoX3VzZXJfaWQiOiIzIn0=", "expire_date": "2018-11-05T23:17:07.925Z"}}, {"model": "sessions.session", "pk": "df2h8jatur6cbw5rl8d9mejrzvpufrkd", "fields": {"session_data": "ZDYyNDQ1MGM2ZTc5Y2I2NjEzOTIwMGNlNGZiNzIyZmIwZjlmZjUxNDp7Il9hdXRoX3VzZXJfYmFja2VuZCI6ImRqYW5nby5jb250cmliLmF1dGguYmFja2VuZHMuTW9kZWxCYWNrZW5kIiwiX2F1dGhfdXNlcl9pZCI6IjEiLCJfYXV0aF91c2VyX2hhc2giOiJiODhkZDM5MjNlMjdkMmMxZTczNjg1NjExYTUwZTIwNmUxN2IzOWJlIn0=", "expire_date": "2018-11-20T02:33:59.085Z"}}, {"model": "sessions.session", "pk": "fai8eum1r9nmksx9gocpzi7mxl0y1lqr", "fields": {"session_data": "NDQ5YmY4ODVhZGE4YzNlYzJmZmViZTA5YjFjYTllNWUwNDhhNDI0YTp7Il9hdXRoX3VzZXJfYmFja2VuZCI6ImRqYW5nby5jb250cmliLmF1dGguYmFja2VuZHMuTW9kZWxCYWNrZW5kIiwiX2F1dGhfdXNlcl9oYXNoIjoiYjg4ZGQzOTIzZTI3ZDJjMWU3MzY4NTYxMWE1MGUyMDZlMTdiMzliZSIsIl9hdXRoX3VzZXJfaWQiOiIxIn0=", "expire_date": "2018-11-03T03:19:41.012Z"}}, {"model": "sessions.session", "pk": "fvfiobkkwwwwq6iffurv150r0bh8giob", "fields": {"session_data": "MDhhNmY1NWI5YmFjNDI0MjQ0Yzc1ZjZiYjdjODE2YmE3ODVjNTEzZDp7Il9hdXRoX3VzZXJfaWQiOiIxIiwiX2F1dGhfdXNlcl9oYXNoIjoiYjg4ZGQzOTIzZTI3ZDJjMWU3MzY4NTYxMWE1MGUyMDZlMTdiMzliZSIsIl9hdXRoX3VzZXJfYmFja2VuZCI6ImRqYW5nby5jb250cmliLmF1dGguYmFja2VuZHMuTW9kZWxCYWNrZW5kIn0=", "expire_date": "2018-09-19T15:49:52.655Z"}}, {"model": "sessions.session", "pk": "ir2uge0dq7toz42sww40vfb73bnv3sek", "fields": {"session_data": "MDhhNmY1NWI5YmFjNDI0MjQ0Yzc1ZjZiYjdjODE2YmE3ODVjNTEzZDp7Il9hdXRoX3VzZXJfaWQiOiIxIiwiX2F1dGhfdXNlcl9oYXNoIjoiYjg4ZGQzOTIzZTI3ZDJjMWU3MzY4NTYxMWE1MGUyMDZlMTdiMzliZSIsIl9hdXRoX3VzZXJfYmFja2VuZCI6ImRqYW5nby5jb250cmliLmF1dGguYmFja2VuZHMuTW9kZWxCYWNrZW5kIn0=", "expire_date": "2018-11-03T00:13:17.696Z"}}, {"model": "sessions.session", "pk": "lybk85tdxvt2cv6hx8xi7da6pdnljn2r", "fields": {"session_data": "MDhhNmY1NWI5YmFjNDI0MjQ0Yzc1ZjZiYjdjODE2YmE3ODVjNTEzZDp7Il9hdXRoX3VzZXJfaWQiOiIxIiwiX2F1dGhfdXNlcl9oYXNoIjoiYjg4ZGQzOTIzZTI3ZDJjMWU3MzY4NTYxMWE1MGUyMDZlMTdiMzliZSIsIl9hdXRoX3VzZXJfYmFja2VuZCI6ImRqYW5nby5jb250cmliLmF1dGguYmFja2VuZHMuTW9kZWxCYWNrZW5kIn0=", "expire_date": "2018-09-27T23:14:24.992Z"}}, {"model": "sessions.session", "pk": "mdh8nunuxmw6re13t69vb2portpvmzpj", "fields": {"session_data": "NmQxZjA5MDM2NmMwNGE0MjZkOTViYmQyZmIwNTM5M2NhMjIyMzViYzp7Il9hdXRoX3VzZXJfaGFzaCI6IjQxMTk2YTY1MWM5NmM0Y2NlNDMyNTAwODQwOTZhNjAxZjAyMDdkNWUiLCJfYXV0aF91c2VyX2JhY2tlbmQiOiJkamFuZ28uY29udHJpYi5hdXRoLmJhY2tlbmRzLk1vZGVsQmFja2VuZCIsIl9hdXRoX3VzZXJfaWQiOiIzIn0=", "expire_date": "2018-11-03T14:15:20.266Z"}}, {"model": "sessions.session", "pk": "mp22bpii6sn0d45p3ao0uuf5tqb4us8d", "fields": {"session_data": "MDhhNmY1NWI5YmFjNDI0MjQ0Yzc1ZjZiYjdjODE2YmE3ODVjNTEzZDp7Il9hdXRoX3VzZXJfaWQiOiIxIiwiX2F1dGhfdXNlcl9oYXNoIjoiYjg4ZGQzOTIzZTI3ZDJjMWU3MzY4NTYxMWE1MGUyMDZlMTdiMzliZSIsIl9hdXRoX3VzZXJfYmFja2VuZCI6ImRqYW5nby5jb250cmliLmF1dGguYmFja2VuZHMuTW9kZWxCYWNrZW5kIn0=", "expire_date": "2018-11-03T04:06:36.043Z"}}, {"model": "sessions.session", "pk": "ndbiplsll9rn9p2cirmhg1vp6ijn2b9l", "fields": {"session_data": "ZGZiMzVhNmY1NjhhMDVmYmExOTMyMWI0NDg4ZDZlNTg2M2I4ZjhkMzp7Il9hdXRoX3VzZXJfaWQiOiIzIiwiX2F1dGhfdXNlcl9oYXNoIjoiNDExOTZhNjUxYzk2YzRjY2U0MzI1MDA4NDA5NmE2MDFmMDIwN2Q1ZSIsIl9hdXRoX3VzZXJfYmFja2VuZCI6ImRqYW5nby5jb250cmliLmF1dGguYmFja2VuZHMuTW9kZWxCYWNrZW5kIn0=", "expire_date": "2018-11-01T03:49:18.899Z"}}, {"model": "sessions.session", "pk": "ofc6mmmktaszpduqa3sytild6720hv3i", "fields": {"session_data": "NmQzNWUwNTVjZGYyY2Q1Y2UwZTI1ZjhiMmRiZDhhMTk2MTkxZDFhMTp7Il9hdXRoX3VzZXJfaWQiOiI1IiwiX2F1dGhfdXNlcl9oYXNoIjoiOWZlNjQwNWIxNTMwZTBiM2MwYzBkNDkzM2YxZWQ3MmQ1MWU3MDg5ZSIsIl9hdXRoX3VzZXJfYmFja2VuZCI6ImRqYW5nby5jb250cmliLmF1dGguYmFja2VuZHMuTW9kZWxCYWNrZW5kIn0=", "expire_date": "2018-11-18T16:22:35.482Z"}}, {"model": "sessions.session", "pk": "oyaic45skolcg645hbz0z8krdw08x8ow", "fields": {"session_data": "ZDYyNDQ1MGM2ZTc5Y2I2NjEzOTIwMGNlNGZiNzIyZmIwZjlmZjUxNDp7Il9hdXRoX3VzZXJfYmFja2VuZCI6ImRqYW5nby5jb250cmliLmF1dGguYmFja2VuZHMuTW9kZWxCYWNrZW5kIiwiX2F1dGhfdXNlcl9pZCI6IjEiLCJfYXV0aF91c2VyX2hhc2giOiJiODhkZDM5MjNlMjdkMmMxZTczNjg1NjExYTUwZTIwNmUxN2IzOWJlIn0=", "expire_date": "2018-11-22T03:05:08.881Z"}}, {"model": "sessions.session", "pk": "q07nw40qwd5jkaplhnlxz2psez4nz45d", "fields": {"session_data": "YWJiNGFiZmUwNThkYjExZGMwZWRjMGUxYWQ2MDgzZTIwNDVlOTIyMjp7Il9hdXRoX3VzZXJfaGFzaCI6ImI4OGRkMzkyM2UyN2QyYzFlNzM2ODU2MTFhNTBlMjA2ZTE3YjM5YmUiLCJfYXV0aF91c2VyX2JhY2tlbmQiOiJkamFuZ28uY29udHJpYi5hdXRoLmJhY2tlbmRzLk1vZGVsQmFja2VuZCIsIl9hdXRoX3VzZXJfaWQiOiIxIn0=", "expire_date": "2018-11-23T01:24:18.196Z"}}, {"model": "sessions.session", "pk": "q8dqkbm18gufectil3ss3cv4j5vzaa2u", "fields": {"session_data": "NmQzNWUwNTVjZGYyY2Q1Y2UwZTI1ZjhiMmRiZDhhMTk2MTkxZDFhMTp7Il9hdXRoX3VzZXJfaWQiOiI1IiwiX2F1dGhfdXNlcl9oYXNoIjoiOWZlNjQwNWIxNTMwZTBiM2MwYzBkNDkzM2YxZWQ3MmQ1MWU3MDg5ZSIsIl9hdXRoX3VzZXJfYmFja2VuZCI6ImRqYW5nby5jb250cmliLmF1dGguYmFja2VuZHMuTW9kZWxCYWNrZW5kIn0=", "expire_date": "2018-11-22T02:29:04.699Z"}}, {"model": "sessions.session", "pk": "r9o3bz4kltmcm3dt0k0v2uwgi9eskdro", "fields": {"session_data": "NGZlYTViNWNhYTcyMjQxYzFjMjAxYWEwN2FmOGM0ODQzZWM1NzZhYTp7Il9hdXRoX3VzZXJfaGFzaCI6IjlmZTY0MDViMTUzMGUwYjNjMGMwZDQ5MzNmMWVkNzJkNTFlNzA4OWUiLCJfYXV0aF91c2VyX2lkIjoiNSIsIl9hdXRoX3VzZXJfYmFja2VuZCI6ImRqYW5nby5jb250cmliLmF1dGguYmFja2VuZHMuTW9kZWxCYWNrZW5kIn0=", "expire_date": "2018-11-17T22:00:46.348Z"}}, {"model": "sessions.session", "pk": "t7xcaoydnw5v81iawrplx5mxhef570q0", "fields": {"session_data": "ZDYyNDQ1MGM2ZTc5Y2I2NjEzOTIwMGNlNGZiNzIyZmIwZjlmZjUxNDp7Il9hdXRoX3VzZXJfYmFja2VuZCI6ImRqYW5nby5jb250cmliLmF1dGguYmFja2VuZHMuTW9kZWxCYWNrZW5kIiwiX2F1dGhfdXNlcl9pZCI6IjEiLCJfYXV0aF91c2VyX2hhc2giOiJiODhkZDM5MjNlMjdkMmMxZTczNjg1NjExYTUwZTIwNmUxN2IzOWJlIn0=", "expire_date": "2018-11-20T02:35:34.354Z"}}, {"model": "sessions.session", "pk": "tfn7dz44jlh5tni6jjelc5swvayh36o8", "fields": {"session_data": "MDhhNmY1NWI5YmFjNDI0MjQ0Yzc1ZjZiYjdjODE2YmE3ODVjNTEzZDp7Il9hdXRoX3VzZXJfaWQiOiIxIiwiX2F1dGhfdXNlcl9oYXNoIjoiYjg4ZGQzOTIzZTI3ZDJjMWU3MzY4NTYxMWE1MGUyMDZlMTdiMzliZSIsIl9hdXRoX3VzZXJfYmFja2VuZCI6ImRqYW5nby5jb250cmliLmF1dGguYmFja2VuZHMuTW9kZWxCYWNrZW5kIn0=", "expire_date": "2018-09-23T12:25:45.304Z"}}, {"model": "sessions.session", "pk": "tv1b0m3e3vv3b1zvdc78yhln4n4a0aim", "fields": {"session_data": "MjA2MjI4N2QyNDk5MzY3MDc5N2NlMDNjYmZhZjJjMzFhOTliM2M5MDp7fQ==", "expire_date": "2018-11-21T03:48:31.500Z"}}, {"model": "sessions.session", "pk": "xqqf55xlgu3i9hlds5ksny72akx8854i", "fields": {"session_data": "MDhhNmY1NWI5YmFjNDI0MjQ0Yzc1ZjZiYjdjODE2YmE3ODVjNTEzZDp7Il9hdXRoX3VzZXJfaWQiOiIxIiwiX2F1dGhfdXNlcl9oYXNoIjoiYjg4ZGQzOTIzZTI3ZDJjMWU3MzY4NTYxMWE1MGUyMDZlMTdiMzliZSIsIl9hdXRoX3VzZXJfYmFja2VuZCI6ImRqYW5nby5jb250cmliLmF1dGguYmFja2VuZHMuTW9kZWxCYWNrZW5kIn0=", "expire_date": "2018-09-14T03:07:20.576Z"}}, {"model": "app.classes", "pk": 1, "fields": {"name": "Turma 1", "course": 1}}, {"model": "app.classes", "pk": 3, "fields": {"name": "Turma 2", "course": 1}}, {"model": "app.classes", "pk": 4, "fields": {"name": "Turma A", "course": 2}}, {"model": "app.classes", "pk": 5, "fields": {"name": "Turma B", "course": 3}}, {"model": "app.student", "pk": 1, "fields": {"name": "ALUNO 1", "sex": "M", "ager": 0, "civil_status": "S", "school_origin": "PB", "classe": 1}}, {"model": "app.student", "pk": 2, "fields": {"name": "ALUNO 2", "sex": "M", "ager": 20, "civil_status": "C", "school_origin": "PB", "classe": 1}}, {"model": "app.student", "pk": 3, "fields": {"name": "ALUNO 3", "sex": "M", "ager": 0, "civil_status": "S", "school_origin": "PB", "classe": 1}}, {"model": "app.student", "pk": 4, "fields": {"name": "ALUNO 4", "sex": "F", "ager": 0, "civil_status": "S", "school_origin": "PB", "classe": 1}}, {"model": "app.student", "pk": 5, "fields": {"name": "ALUNO 5", "sex": "M", "ager": 0, "civil_status": "S", "school_origin": "PB", "classe": 3}}, {"model": "app.student", "pk": 13, "fields": {"name": "JUREMA", "sex": "F", "ager": 28, "civil_status": "S", "school_origin": "PB", "classe": 4}}, {"model": "app.student", "pk": 15, "fields": {"name": "ADALBERT", "sex": "M", "ager": 22, "civil_status": "C", "school_origin": "PA", "classe": 4}}, {"model": "app.student", "pk": 16, "fields": {"name": "AD\u00c3O", "sex": "M", "ager": 25, "civil_status": "C", "school_origin": "PB", "classe": 4}}, {"model": "app.student", "pk": 17, "fields": {"name": "KELIN", "sex": "F", "ager": 21, "civil_status": "S", "school_origin": "PB", "classe": 4}}, {"model": "app.student", "pk": 18, "fields": {"name": "ADAO", "sex": "M", "ager": 26, "civil_status": "C", "school_origin": "PB", "classe": 4}}, {"model": "app.student", "pk": 19, "fields": {"name": "ADELMO", "sex": "M", "ager": 25, "civil_status": "C", "school_origin": "PB", "classe": 4}}, {"model": "app.student", "pk": 20, "fields": {"name": "KATIA", "sex": "F", "ager": 24, "civil_status": "C", "school_origin": "PA", "classe": 4}}, {"model": "app.student", "pk": 21, "fields": {"name": "JUNG", "sex": "F", "ager": 24, "civil_status": "C", "school_origin": "PA", "classe": 5}}, {"model": "app.student", "pk": 22, "fields": {"name": "KARIN", "sex": "F", "ager": 24, "civil_status": "C", "school_origin": "PB", "classe": 5}}, {"model": "app.student", "pk": 23, "fields": {"name": "ADAIR", "sex": "M", "ager": 30, "civil_status": "S", "school_origin": "PA", "classe": 5}}, {"model": "app.student", "pk": 24, "fields": {"name": "ACILINO", "sex": "M", "ager": 20, "civil_status": "C", "school_origin": "PB", "classe": 5}}, {"model": "app.student", "pk": 25, "fields": {"name": "KYOKO", "sex": "F", "ager": 28, "civil_status": "C", "school_origin": "PB", "classe": 5}}, {"model": "app.student", "pk": 26, "fields": {"name": "KATIAS", "sex": "F", "ager": 27, "civil_status": "S", "school_origin": "PA", "classe": 5}}, {"model": "app.student", "pk": 27, "fields": {"name": "AD\u00c3O", "sex": "M", "ager": 19, "civil_status": "C", "school_origin": "PB", "classe": 5}}, {"model": "app.student", "pk": 28, "fields": {"name": "KACIA", "sex": "F", "ager": 30, "civil_status": "C", "school_origin": "PA", "classe": 5}}, {"model": "app.student", "pk": 29, "fields": {"name": "KEYLLA", "sex": "F", "ager": 22, "civil_status": "S", "school_origin": "PB", "classe": 5}}, {"model": "app.student", "pk": 31, "fields": {"name": "LAINE", "sex": "F", "ager": 24, "civil_status": "S", "school_origin": "PB", "classe": 5}}, {"model": "app.activity", "pk": 1, "fields": {"name": "LER MANUAL DE CONFIGURA\u00c7\u00c3O", "start_date": null, "end_date": null}}, {"model": "app.activity", "pk": 2, "fields": {"name": "CONFIGURAR AMBIENTE", "start_date": null, "end_date": null}}, {"model": "app.activity", "pk": 3, "fields": {"name": "LER MATERIAL DE APOIO", "start_date": null, "end_date": null}}, {"model": "app.activity", "pk": 4, "fields": {"name": "ASSISTIR VIDEO AULA", "start_date": null, "end_date": null}}, {"model": "app.activity", "pk": 5, "fields": {"name": "LER MATERIAL DE APOIO", "start_date": null, "end_date": null}}, {"model": "app.activity", "pk": 7, "fields": {"name": "EXERCICIO PRATICO", "start_date": null, "end_date": null}}, {"model": "app.activity", "pk": 8, "fields": {"name": "AVALIA\u00c7\u00c3O", "start_date": null, "end_date": null}}, {"model": "app.activity", "pk": 9, "fields": {"name": "LER INSTRU\u00c7\u00d5ES", "start_date": "2018-11-03", "end_date": "2018-11-03"}}, {"model": "app.activity", "pk": 10, "fields": {"name": "VIDEO AULA", "start_date": "2018-11-03", "end_date": "2018-11-03"}}, {"model": "app.activity", "pk": 11, "fields": {"name": "LEITURA", "start_date": "2018-11-03", "end_date": "2018-11-03"}}, {"model": "app.activity", "pk": 12, "fields": {"name": "EXERC\u00cdCIO OBJETIVO", "start_date": "2018-11-03", "end_date": "2018-11-03"}}, {"model": "app.activity", "pk": 13, "fields": {"name": "conectar n\u00f3s", "start_date": null, "end_date": null}}, {"model": "app.activity", "pk": 14, "fields": {"name": "ATIVIDADE", "start_date": null, "end_date": null}}, {"model": "app.activity", "pk": 15, "fields": {"name": "AVALIA\u00c7\u00c3O PARCIAL", "start_date": null, "end_date": null}}, {"model": "app.node", "pk": 1, "fields": {"name": "N\u00f3 1", "node_parent": null, "course": 1, "node_end": false, "node_start": true, "evaluated": true, "is_way": true, "end_node_conexction": false, "avg_access": 10, "activity": [1]}}, {"model": "app.node", "pk": 2, "fields": {"name": "N\u00f3 2", "node_parent": 1, "course": 1, "node_end": false, "node_start": false, "evaluated": true, "is_way": true, "end_node_conexction": false, "avg_access": 8, "activity": [2]}}, {"model": "app.node", "pk": 3, "fields": {"name": "N\u00f3 3", "node_parent": 2, "course": 1, "node_end": false, "node_start": false, "evaluated": true, "is_way": false, "end_node_conexction": false, "avg_access": 30, "activity": [4]}}, {"model": "app.node", "pk": 4, "fields": {"name": "N\u00f3 4", "node_parent": 2, "course": 1, "node_end": false, "node_start": false, "evaluated": true, "is_way": true, "end_node_conexction": false, "avg_access": 0, "activity": [3]}}, {"model": "app.node", "pk": 5, "fields": {"name": "N\u00f3 5", "node_parent": 3, "course": 1, "node_end": false, "node_start": false, "evaluated": true, "is_way": false, "end_node_conexction": false, "avg_access": 0, "activity": [3]}}, {"model": "app.node", "pk": 6, "fields": {"name": "N\u00f3 6", "node_parent": 4, "course": 1, "node_end": false, "node_start": false, "evaluated": true, "is_way": false, "end_node_conexction": false, "avg_access": 0, "activity": [3]}}, {"model": "app.node", "pk": 7, "fields": {"name": "N\u00f3 7", "node_parent": 4, "course": 1, "node_end": false, "node_start": false, "evaluated": true, "is_way": false, "end_node_conexction": false, "avg_access": 0, "activity": [4]}}, {"model": "app.node", "pk": 8, "fields": {"name": "N\u00f3 8", "node_parent": 4, "course": 1, "node_end": false, "node_start": false, "evaluated": true, "is_way": true, "end_node_conexction": false, "avg_access": 0, "activity": [7]}}, {"model": "app.node", "pk": 9, "fields": {"name": "N\u00f3 9", "node_parent": 5, "course": 1, "node_end": false, "node_start": false, "evaluated": true, "is_way": false, "end_node_conexction": false, "avg_access": 0, "activity": [7]}}, {"model": "app.node", "pk": 10, "fields": {"name": "N\u00f3 10", "node_parent": 6, "course": 1, "node_end": false, "node_start": false, "evaluated": true, "is_way": false, "end_node_conexction": false, "avg_access": 0, "activity": [7]}}, {"model": "app.node", "pk": 11, "fields": {"name": "N\u00f3 11", "node_parent": 7, "course": 1, "node_end": false, "node_start": false, "evaluated": true, "is_way": false, "end_node_conexction": false, "avg_access": 0, "activity": [7]}}, {"model": "app.node", "pk": 12, "fields": {"name": "N\u00f3 12", "node_parent": 8, "course": 1, "node_end": false, "node_start": false, "evaluated": true, "is_way": false, "end_node_conexction": false, "avg_access": 0, "activity": [3]}}, {"model": "app.node", "pk": 13, "fields": {"name": "N\u00f3 13", "node_parent": 8, "course": 1, "node_end": false, "node_start": false, "evaluated": true, "is_way": true, "end_node_conexction": false, "avg_access": 0, "activity": [4]}}, {"model": "app.node", "pk": 14, "fields": {"name": "N\u00f3 14", "node_parent": 9, "course": 1, "node_end": false, "node_start": false, "evaluated": true, "is_way": false, "end_node_conexction": false, "avg_access": 0, "activity": [3]}}, {"model": "app.node", "pk": 15, "fields": {"name": "N\u00f3 15", "node_parent": 9, "course": 1, "node_end": false, "node_start": false, "evaluated": true, "is_way": false, "end_node_conexction": false, "avg_access": 0, "activity": [4]}}, {"model": "app.node", "pk": 16, "fields": {"name": "N\u00f3 16", "node_parent": 10, "course": 1, "node_end": false, "node_start": false, "evaluated": true, "is_way": false, "end_node_conexction": false, "avg_access": 0, "activity": [3]}}, {"model": "app.node", "pk": 17, "fields": {"name": "N\u00f3 17", "node_parent": 11, "course": 1, "node_end": false, "node_start": false, "evaluated": true, "is_way": false, "end_node_conexction": false, "avg_access": 0, "activity": [3]}}, {"model": "app.node", "pk": 18, "fields": {"name": "N\u00f3 18", "node_parent": 11, "course": 1, "node_end": false, "node_start": false, "evaluated": true, "is_way": false, "end_node_conexction": false, "avg_access": 0, "activity": [4]}}, {"model": "app.node", "pk": 19, "fields": {"name": "N\u00f3 19", "node_parent": 12, "course": 1, "node_end": false, "node_start": false, "evaluated": true, "is_way": false, "end_node_conexction": false, "avg_access": 0, "activity": [4]}}, {"model": "app.node", "pk": 20, "fields": {"name": "N\u00f3 20", "node_parent": 13, "course": 1, "node_end": false, "node_start": false, "evaluated": true, "is_way": true, "end_node_conexction": false, "avg_access": 0, "activity": [3]}}, {"model": "app.node", "pk": 21, "fields": {"name": "N\u00f3 21", "node_parent": 14, "course": 1, "node_end": false, "node_start": false, "evaluated": true, "is_way": false, "end_node_conexction": false, "avg_access": 0, "activity": [4]}}, {"model": "app.node", "pk": 22, "fields": {"name": "N\u00f3 22", "node_parent": 15, "course": 1, "node_end": false, "node_start": false, "evaluated": true, "is_way": false, "end_node_conexction": false, "avg_access": 0, "activity": [7]}}, {"model": "app.node", "pk": 23, "fields": {"name": "N\u00f3 23", "node_parent": 16, "course": 1, "node_end": false, "node_start": false, "evaluated": true, "is_way": false, "end_node_conexction": false, "avg_access": 0, "activity": [4]}}, {"model": "app.node", "pk": 24, "fields": {"name": "N\u00f3 24", "node_parent": 17, "course": 1, "node_end": false, "node_start": false, "evaluated": true, "is_way": false, "end_node_conexction": false, "avg_access": 0, "activity": [4]}}, {"model": "app.node", "pk": 25, "fields": {"name": "N\u00f3 25", "node_parent": 17, "course": 1, "node_end": false, "node_start": false, "evaluated": true, "is_way": false, "end_node_conexction": false, "avg_access": 0, "activity": [7]}}, {"model": "app.node", "pk": 26, "fields": {"name": "N\u00f3 26", "node_parent": 18, "course": 1, "node_end": false, "node_start": false, "evaluated": true, "is_way": false, "end_node_conexction": false, "avg_access": 0, "activity": [5]}}, {"model": "app.node", "pk": 27, "fields": {"name": "N\u00f3 27", "node_parent": 19, "course": 1, "node_end": false, "node_start": false, "evaluated": true, "is_way": false, "end_node_conexction": false, "avg_access": 0, "activity": [7]}}, {"model": "app.node", "pk": 28, "fields": {"name": "N\u00f3 28", "node_parent": 20, "course": 1, "node_end": false, "node_start": false, "evaluated": true, "is_way": true, "end_node_conexction": false, "avg_access": 0, "activity": [7]}}, {"model": "app.node", "pk": 29, "fields": {"name": "N\u00f3 29", "node_parent": 21, "course": 1, "node_end": false, "node_start": false, "evaluated": true, "is_way": false, "end_node_conexction": false, "avg_access": 0, "activity": [7]}}, {"model": "app.node", "pk": 30, "fields": {"name": "N\u00f3 30", "node_parent": 22, "course": 1, "node_end": false, "node_start": false, "evaluated": true, "is_way": false, "end_node_conexction": false, "avg_access": 0, "activity": [7]}}, {"model": "app.node", "pk": 31, "fields": {"name": "N\u00f3 31", "node_parent": 23, "course": 1, "node_end": false, "node_start": false, "evaluated": true, "is_way": false, "end_node_conexction": false, "avg_access": 0, "activity": [7]}}, {"model": "app.node", "pk": 32, "fields": {"name": "N\u00f3 32", "node_parent": 24, "course": 1, "node_end": false, "node_start": false, "evaluated": true, "is_way": false, "end_node_conexction": false, "avg_access": 0, "activity": [7]}}, {"model": "app.node", "pk": 33, "fields": {"name": "N\u00f3 33", "node_parent": 25, "course": 1, "node_end": false, "node_start": false, "evaluated": true, "is_way": false, "end_node_conexction": false, "avg_access": 0, "activity": [8]}}, {"model": "app.node", "pk": 34, "fields": {"name": "N\u00f3 34", "node_parent": 26, "course": 1, "node_end": false, "node_start": false, "evaluated": true, "is_way": false, "end_node_conexction": false, "avg_access": 0, "activity": [7]}}, {"model": "app.node", "pk": 35, "fields": {"name": "N\u00f3 35", "node_parent": 26, "course": 1, "node_end": false, "node_start": false, "evaluated": true, "is_way": false, "end_node_conexction": false, "avg_access": 0, "activity": [8]}}, {"model": "app.node", "pk": 36, "fields": {"name": "N\u00f3 36", "node_parent": 28, "course": 1, "node_end": false, "node_start": false, "evaluated": true, "is_way": true, "end_node_conexction": false, "avg_access": 0, "activity": [8]}}, {"model": "app.node", "pk": 37, "fields": {"name": "N\u00f3 37", "node_parent": 29, "course": 1, "node_end": true, "node_start": false, "evaluated": true, "is_way": false, "end_node_conexction": false, "avg_access": 0, "activity": [8]}}, {"model": "app.node", "pk": 38, "fields": {"name": "N\u00f3 38", "node_parent": 30, "course": 1, "node_end": false, "node_start": false, "evaluated": true, "is_way": false, "end_node_conexction": false, "avg_access": 0, "activity": [8]}}, {"model": "app.node", "pk": 39, "fields": {"name": "N\u00f3 39", "node_parent": 31, "course": 1, "node_end": false, "node_start": false, "evaluated": true, "is_way": false, "end_node_conexction": false, "avg_access": 0, "activity": [8]}}, {"model": "app.node", "pk": 40, "fields": {"name": "N\u00f3 40", "node_parent": 32, "course": 1, "node_end": true, "node_start": false, "evaluated": true, "is_way": false, "end_node_conexction": false, "avg_access": 0, "activity": [8]}}, {"model": "app.node", "pk": 41, "fields": {"name": "N\u00f3 41", "node_parent": 33, "course": 1, "node_end": true, "node_start": false, "evaluated": true, "is_way": false, "end_node_conexction": false, "avg_access": 0, "activity": [8]}}, {"model": "app.node", "pk": 42, "fields": {"name": "N\u00f3 42", "node_parent": 34, "course": 1, "node_end": false, "node_start": false, "evaluated": true, "is_way": false, "end_node_conexction": false, "avg_access": 0, "activity": [8]}}, {"model": "app.node", "pk": 43, "fields": {"name": "N\u00f3 43", "node_parent": 35, "course": 1, "node_end": true, "node_start": false, "evaluated": true, "is_way": false, "end_node_conexction": false, "avg_access": 0, "activity": [8]}}, {"model": "app.node", "pk": 44, "fields": {"name": "N\u00f3 44", "node_parent": 36, "course": 1, "node_end": true, "node_start": false, "evaluated": true, "is_way": true, "end_node_conexction": false, "avg_access": 0, "activity": [8]}}, {"model": "app.node", "pk": 45, "fields": {"name": "N\u00f3 45", "node_parent": 38, "course": 1, "node_end": true, "node_start": false, "evaluated": true, "is_way": false, "end_node_conexction": false, "avg_access": 0, "activity": [8]}}, {"model": "app.node", "pk": 46, "fields": {"name": "N\u00f3 46", "node_parent": 39, "course": 1, "node_end": true, "node_start": false, "evaluated": true, "is_way": false, "end_node_conexction": false, "avg_access": 0, "activity": [8]}}, {"model": "app.node", "pk": 47, "fields": {"name": "N\u00f3 47", "node_parent": 42, "course": 1, "node_end": true, "node_start": false, "evaluated": true, "is_way": false, "end_node_conexction": false, "avg_access": 0, "activity": [8]}}, {"model": "app.node", "pk": 48, "fields": {"name": "N\u00f3 48", "node_parent": null, "course": 1, "node_end": false, "node_start": false, "evaluated": false, "is_way": true, "end_node_conexction": true, "avg_access": 0, "activity": [8]}}, {"model": "app.node", "pk": 60, "fields": {"name": "N\u00f3 1", "node_parent": null, "course": 2, "node_end": false, "node_start": true, "evaluated": false, "is_way": true, "end_node_conexction": false, "avg_access": 0, "activity": [9]}}, {"model": "app.node", "pk": 61, "fields": {"name": "N\u00f3 2", "node_parent": 60, "course": 2, "node_end": false, "node_start": false, "evaluated": false, "is_way": true, "end_node_conexction": false, "avg_access": 0, "activity": [10]}}, {"model": "app.node", "pk": 62, "fields": {"name": "N\u00f3 3", "node_parent": 61, "course": 2, "node_end": false, "node_start": false, "evaluated": false, "is_way": false, "end_node_conexction": false, "avg_access": 0, "activity": [11]}}, {"model": "app.node", "pk": 63, "fields": {"name": "N\u00f3 4", "node_parent": 62, "course": 2, "node_end": false, "node_start": false, "evaluated": true, "is_way": false, "end_node_conexction": false, "avg_access": 0, "activity": [12]}}, {"model": "app.node", "pk": 64, "fields": {"name": "N\u00f3 7.1", "node_parent": 63, "course": 2, "node_end": false, "node_start": false, "evaluated": true, "is_way": false, "end_node_conexction": false, "avg_access": 0, "activity": [12]}}, {"model": "app.node", "pk": 65, "fields": {"name": "N\u00f3 8.1", "node_parent": 64, "course": 2, "node_end": false, "node_start": false, "evaluated": false, "is_way": false, "end_node_conexction": false, "avg_access": 0, "activity": [11]}}, {"model": "app.node", "pk": 66, "fields": {"name": "N\u00f3 10.1", "node_parent": 65, "course": 2, "node_end": true, "node_start": false, "evaluated": true, "is_way": false, "end_node_conexction": false, "avg_access": 0, "activity": [8]}}, {"model": "app.node", "pk": 67, "fields": {"name": "N\u00f3 9.1", "node_parent": 64, "course": 2, "node_end": false, "node_start": false, "evaluated": false, "is_way": false, "end_node_conexction": false, "avg_access": 0, "activity": [10]}}, {"model": "app.node", "pk": 68, "fields": {"name": "N\u00f3 10.2", "node_parent": 67, "course": 2, "node_end": true, "node_start": false, "evaluated": true, "is_way": false, "end_node_conexction": false, "avg_access": 0, "activity": [8]}}, {"model": "app.node", "pk": 69, "fields": {"name": "N\u00f3 5", "node_parent": 61, "course": 2, "node_end": false, "node_start": false, "evaluated": false, "is_way": true, "end_node_conexction": false, "avg_access": 0, "activity": [10]}}, {"model": "app.node", "pk": 70, "fields": {"name": "N\u00f3 6", "node_parent": 69, "course": 2, "node_end": false, "node_start": false, "evaluated": false, "is_way": true, "end_node_conexction": false, "avg_access": 0, "activity": [10]}}, {"model": "app.node", "pk": 71, "fields": {"name": "N\u00f3 7.2", "node_parent": 70, "course": 2, "node_end": false, "node_start": false, "evaluated": true, "is_way": true, "end_node_conexction": false, "avg_access": 0, "activity": [12]}}, {"model": "app.node", "pk": 72, "fields": {"name": "N\u00f3 8.2", "node_parent": 71, "course": 2, "node_end": false, "node_start": false, "evaluated": false, "is_way": false, "end_node_conexction": false, "avg_access": 0, "activity": [11]}}, {"model": "app.node", "pk": 73, "fields": {"name": "N\u00f3 10.3", "node_parent": 72, "course": 2, "node_end": true, "node_start": false, "evaluated": true, "is_way": false, "end_node_conexction": false, "avg_access": 0, "activity": [8]}}, {"model": "app.node", "pk": 74, "fields": {"name": "N\u00f3 9.2", "node_parent": 71, "course": 2, "node_end": false, "node_start": false, "evaluated": false, "is_way": true, "end_node_conexction": false, "avg_access": 0, "activity": [10]}}, {"model": "app.node", "pk": 75, "fields": {"name": "N\u00f3 10.4", "node_parent": 74, "course": 2, "node_end": true, "node_start": false, "evaluated": true, "is_way": true, "end_node_conexction": false, "avg_access": 0, "activity": [8]}}, {"model": "app.node", "pk": 76, "fields": {"name": "conector", "node_parent": null, "course": 2, "node_end": false, "node_start": false, "evaluated": true, "is_way": false, "end_node_conexction": true, "avg_access": 0, "activity": [13]}}, {"model": "app.node", "pk": 77, "fields": {"name": "N\u00f3 1", "node_parent": null, "course": 3, "node_end": false, "node_start": true, "evaluated": false, "is_way": true, "end_node_conexction": false, "avg_access": 0, "activity": [11]}}, {"model": "app.node", "pk": 78, "fields": {"name": "N\u00f3 2", "node_parent": 77, "course": 3, "node_end": false, "node_start": false, "evaluated": false, "is_way": true, "end_node_conexction": false, "avg_access": 0, "activity": [10]}}, {"model": "app.node", "pk": 79, "fields": {"name": "N\u00f3 3.1", "node_parent": 78, "course": 3, "node_end": false, "node_start": false, "evaluated": false, "is_way": false, "end_node_conexction": false, "avg_access": 0, "activity": [10]}}, {"model": "app.node", "pk": 80, "fields": {"name": "N\u00f3 3.2", "node_parent": 78, "course": 3, "node_end": false, "node_start": false, "evaluated": false, "is_way": true, "end_node_conexction": false, "avg_access": 0, "activity": [11]}}, {"model": "app.node", "pk": 81, "fields": {"name": "N\u00f3 3.3", "node_parent": 78, "course": 3, "node_end": false, "node_start": false, "evaluated": true, "is_way": false, "end_node_conexction": false, "avg_access": 0, "activity": [14]}}, {"model": "app.node", "pk": 82, "fields": {"name": "N\u00f3 4.1", "node_parent": 79, "course": 3, "node_end": false, "node_start": false, "evaluated": true, "is_way": false, "end_node_conexction": false, "avg_access": 0, "activity": [14]}}, {"model": "app.node", "pk": 83, "fields": {"name": "N\u00f3 4.2", "node_parent": 80, "course": 3, "node_end": false, "node_start": false, "evaluated": true, "is_way": true, "end_node_conexction": false, "avg_access": 0, "activity": [14]}}, {"model": "app.node", "pk": 84, "fields": {"name": "N\u00f3 5.1", "node_parent": 82, "course": 3, "node_end": false, "node_start": false, "evaluated": true, "is_way": false, "end_node_conexction": false, "avg_access": 0, "activity": [15]}}, {"model": "app.node", "pk": 85, "fields": {"name": "N\u00f3 5.2", "node_parent": 83, "course": 3, "node_end": false, "node_start": false, "evaluated": true, "is_way": true, "end_node_conexction": false, "avg_access": 0, "activity": [15]}}, {"model": "app.node", "pk": 86, "fields": {"name": "N\u00f3 5.3", "node_parent": 81, "course": 3, "node_end": false, "node_start": false, "evaluated": true, "is_way": false, "end_node_conexction": false, "avg_access": 0, "activity": [15]}}, {"model": "app.node", "pk": 87, "fields": {"name": "N\u00f3 6.1", "node_parent": 84, "course": 3, "node_end": false, "node_start": false, "evaluated": false, "is_way": false, "end_node_conexction": false, "avg_access": 0, "activity": [10]}}, {"model": "app.node", "pk": 88, "fields": {"name": "N\u00f3 6.2", "node_parent": 84, "course": 3, "node_end": false, "node_start": false, "evaluated": false, "is_way": false, "end_node_conexction": false, "avg_access": 0, "activity": [11]}}, {"model": "app.node", "pk": 89, "fields": {"name": "N\u00f3 6.3", "node_parent": 85, "course": 3, "node_end": false, "node_start": false, "evaluated": false, "is_way": false, "end_node_conexction": false, "avg_access": 0, "activity": [10]}}, {"model": "app.node", "pk": 90, "fields": {"name": "N\u00f3 6.4", "node_parent": 85, "course": 3, "node_end": false, "node_start": false, "evaluated": false, "is_way": true, "end_node_conexction": false, "avg_access": 0, "activity": [11]}}, {"model": "app.node", "pk": 91, "fields": {"name": "N\u00f3 6.5", "node_parent": 86, "course": 3, "node_end": false, "node_start": false, "evaluated": false, "is_way": false, "end_node_conexction": false, "avg_access": 0, "activity": [10]}}, {"model": "app.node", "pk": 92, "fields": {"name": "N\u00f3 6.6", "node_parent": 86, "course": 3, "node_end": false, "node_start": false, "evaluated": false, "is_way": false, "end_node_conexction": false, "avg_access": 0, "activity": [11]}}, {"model": "app.node", "pk": 93, "fields": {"name": "N\u00f3 7.1", "node_parent": 87, "course": 3, "node_end": false, "node_start": false, "evaluated": false, "is_way": false, "end_node_conexction": false, "avg_access": 0, "activity": [10]}}, {"model": "app.node", "pk": 94, "fields": {"name": "N\u00f3 7.2", "node_parent": 88, "course": 3, "node_end": true, "node_start": false, "evaluated": true, "is_way": false, "end_node_conexction": false, "avg_access": 0, "activity": [8]}}, {"model": "app.node", "pk": 95, "fields": {"name": "N\u00f3 7.3", "node_parent": 89, "course": 3, "node_end": false, "node_start": false, "evaluated": false, "is_way": false, "end_node_conexction": false, "avg_access": 0, "activity": [10]}}, {"model": "app.node", "pk": 96, "fields": {"name": "N\u00f3 7.4", "node_parent": 90, "course": 3, "node_end": true, "node_start": false, "evaluated": true, "is_way": true, "end_node_conexction": false, "avg_access": 0, "activity": [8]}}, {"model": "app.node", "pk": 97, "fields": {"name": "N\u00f3 7.5", "node_parent": 91, "course": 3, "node_end": false, "node_start": false, "evaluated": false, "is_way": false, "end_node_conexction": false, "avg_access": 0, "activity": [10]}}, {"model": "app.node", "pk": 98, "fields": {"name": "N\u00f3 7.6", "node_parent": 92, "course": null, "node_end": true, "node_start": false, "evaluated": true, "is_way": false, "end_node_conexction": false, "avg_access": 0, "activity": [8]}}, {"model": "app.node", "pk": 99, "fields": {"name": "N\u00f3 8.1", "node_parent": 93, "course": 3, "node_end": true, "node_start": false, "evaluated": true, "is_way": false, "end_node_conexction": false, "avg_access": 0, "activity": [8]}}, {"model": "app.node", "pk": 100, "fields": {"name": "N\u00f3 8.2", "node_parent": 95, "course": 3, "node_end": true, "node_start": false, "evaluated": true, "is_way": false, "end_node_conexction": false, "avg_access": 0, "activity": [8]}}, {"model": "app.node", "pk": 101, "fields": {"name": "N\u00f3 8.3", "node_parent": 97, "course": 3, "node_end": true, "node_start": false, "evaluated": true, "is_way": false, "end_node_conexction": false, "avg_access": 0, "activity": [8]}}, {"model": "app.node", "pk": 102, "fields": {"name": "conector turma b", "node_parent": null, "course": 3, "node_end": false, "node_start": false, "evaluated": false, "is_way": false, "end_node_conexction": true, "avg_access": 0, "activity": [13]}}, {"model": "app.node", "pk": 103, "fields": {"name": "N\u00f3 7.6", "node_parent": 92, "course": 3, "node_end": true, "node_start": false, "evaluated": true, "is_way": false, "end_node_conexction": false, "avg_access": 0, "activity": [8]}}, {"model": "app.studentinformations", "pk": 1, "fields": {"node": 1, "student": 1, "notes": "1.00", "start_activity": "2018-10-16", "end_activity": "2018-10-26", "amount_access": 6, "percentage_completed": 0}}, {"model": "app.studentinformations", "pk": 2, "fields": {"node": 1, "student": 2, "notes": "10.00", "start_activity": "2018-10-01", "end_activity": "2018-10-09", "amount_access": 3, "percentage_completed": 0}}, {"model": "app.studentinformations", "pk": 3, "fields": {"node": 1, "student": 3, "notes": "3.00", "start_activity": "2018-09-02", "end_activity": "2018-10-17", "amount_access": 4, "percentage_completed": 70}}, {"model": "app.studentinformations", "pk": 4, "fields": {"node": 1, "student": 4, "notes": "10.00", "start_activity": "2018-08-06", "end_activity": "2018-10-02", "amount_access": 10, "percentage_completed": 50}}, {"model": "app.studentinformations", "pk": 5, "fields": {"node": 2, "student": 1, "notes": "3.00", "start_activity": "2018-10-16", "end_activity": "2018-10-27", "amount_access": 0, "percentage_completed": 50}}, {"model": "app.studentinformations", "pk": 6, "fields": {"node": 2, "student": 4, "notes": "5.00", "start_activity": null, "end_activity": null, "amount_access": 0, "percentage_completed": 0}}, {"model": "app.studentinformations", "pk": 7, "fields": {"node": 3, "student": 1, "notes": "0.00", "start_activity": "2018-10-31", "end_activity": "2018-11-08", "amount_access": 0, "percentage_completed": 0}}, {"model": "app.studentinformations", "pk": 8, "fields": {"node": 4, "student": 4, "notes": "10.00", "start_activity": null, "end_activity": null, "amount_access": 0, "percentage_completed": 0}}, {"model": "app.studentinformations", "pk": 9, "fields": {"node": 1, "student": 5, "notes": "1.00", "start_activity": "2018-10-19", "end_activity": "2018-10-25", "amount_access": 5, "percentage_completed": 10}}, {"model": "app.studentinformations", "pk": 17, "fields": {"node": 60, "student": 13, "notes": null, "start_activity": "2018-11-03", "end_activity": "2018-11-06", "amount_access": 8, "percentage_completed": 100}}, {"model": "app.studentinformations", "pk": 19, "fields": {"node": 60, "student": 15, "notes": null, "start_activity": "2018-11-03", "end_activity": "2018-11-06", "amount_access": 4, "percentage_completed": 100}}, {"model": "app.studentinformations", "pk": 20, "fields": {"node": 60, "student": 16, "notes": null, "start_activity": "2018-11-03", "end_activity": "2018-11-05", "amount_access": 5, "percentage_completed": 100}}, {"model": "app.studentinformations", "pk": 21, "fields": {"node": 60, "student": 17, "notes": null, "start_activity": "2018-11-03", "end_activity": "2018-11-06", "amount_access": 9, "percentage_completed": 100}}, {"model": "app.studentinformations", "pk": 22, "fields": {"node": 60, "student": 18, "notes": null, "start_activity": "2018-11-03", "end_activity": "2018-11-06", "amount_access": 1, "percentage_completed": 100}}, {"model": "app.studentinformations", "pk": 23, "fields": {"node": 60, "student": 19, "notes": null, "start_activity": "2018-11-03", "end_activity": "2018-11-06", "amount_access": 3, "percentage_completed": 100}}, {"model": "app.studentinformations", "pk": 24, "fields": {"node": 60, "student": 20, "notes": null, "start_activity": "2018-11-03", "end_activity": "2018-11-05", "amount_access": 8, "percentage_completed": 100}}, {"model": "app.studentinformations", "pk": 32, "fields": {"node": 61, "student": 13, "notes": null, "start_activity": "2018-11-05", "end_activity": "2018-11-06", "amount_access": 4, "percentage_completed": 100}}, {"model": "app.studentinformations", "pk": 34, "fields": {"node": 61, "student": 15, "notes": null, "start_activity": "2018-11-04", "end_activity": "2018-11-08", "amount_access": 8, "percentage_completed": 100}}, {"model": "app.studentinformations", "pk": 35, "fields": {"node": 61, "student": 16, "notes": null, "start_activity": "2018-11-04", "end_activity": "2018-11-06", "amount_access": 3, "percentage_completed": 100}}, {"model": "app.studentinformations", "pk": 36, "fields": {"node": 61, "student": 17, "notes": null, "start_activity": "2018-11-04", "end_activity": "2018-11-07", "amount_access": 6, "percentage_completed": 100}}, {"model": "app.studentinformations", "pk": 37, "fields": {"node": 61, "student": 18, "notes": null, "start_activity": "2018-11-04", "end_activity": "2018-11-06", "amount_access": 10, "percentage_completed": 100}}, {"model": "app.studentinformations", "pk": 38, "fields": {"node": 61, "student": 19, "notes": null, "start_activity": "2018-11-04", "end_activity": "2018-11-06", "amount_access": 4, "percentage_completed": 100}}, {"model": "app.studentinformations", "pk": 39, "fields": {"node": 61, "student": 20, "notes": null, "start_activity": "2018-11-04", "end_activity": "2018-11-06", "amount_access": 10, "percentage_completed": 100}}, {"model": "app.studentinformations", "pk": 64, "fields": {"node": 62, "student": 13, "notes": null, "start_activity": "2018-11-04", "end_activity": "2018-11-07", "amount_access": 3, "percentage_completed": 100}}, {"model": "app.studentinformations", "pk": 66, "fields": {"node": 62, "student": 15, "notes": null, "start_activity": "2018-11-04", "end_activity": "2018-11-05", "amount_access": 4, "percentage_completed": 100}}, {"model": "app.studentinformations", "pk": 67, "fields": {"node": 62, "student": 16, "notes": null, "start_activity": "2018-11-04", "end_activity": "2018-11-06", "amount_access": 4, "percentage_completed": 100}}, {"model": "app.studentinformations", "pk": 68, "fields": {"node": 63, "student": 13, "notes": "9.00", "start_activity": "2018-11-06", "end_activity": "2018-11-06", "amount_access": 8, "percentage_completed": 100}}, {"model": "app.studentinformations", "pk": 70, "fields": {"node": 63, "student": 15, "notes": "10.00", "start_activity": "2018-11-06", "end_activity": "2018-11-06", "amount_access": 4, "percentage_completed": 100}}, {"model": "app.studentinformations", "pk": 71, "fields": {"node": 63, "student": 16, "notes": "10.00", "start_activity": "2018-11-06", "end_activity": "2018-11-07", "amount_access": 4, "percentage_completed": 100}}, {"model": "app.studentinformations", "pk": 72, "fields": {"node": 64, "student": 13, "notes": "4.00", "start_activity": "2018-11-06", "end_activity": "2018-11-08", "amount_access": 4, "percentage_completed": 100}}, {"model": "app.studentinformations", "pk": 74, "fields": {"node": 64, "student": 15, "notes": "10.00", "start_activity": "2018-11-05", "end_activity": "2018-11-09", "amount_access": 8, "percentage_completed": 100}}, {"model": "app.studentinformations", "pk": 75, "fields": {"node": 64, "student": 16, "notes": "6.00", "start_activity": "2018-11-06", "end_activity": "2018-11-07", "amount_access": 4, "percentage_completed": 100}}, {"model": "app.studentinformations", "pk": 76, "fields": {"node": 65, "student": 13, "notes": null, "start_activity": "2018-11-09", "end_activity": "2018-11-12", "amount_access": 7, "percentage_completed": 100}}, {"model": "app.studentinformations", "pk": 77, "fields": {"node": 66, "student": 13, "notes": "9.50", "start_activity": "2018-11-07", "end_activity": "2018-11-09", "amount_access": 4, "percentage_completed": 100}}, {"model": "app.studentinformations", "pk": 79, "fields": {"node": 67, "student": 15, "notes": null, "start_activity": null, "end_activity": null, "amount_access": 5, "percentage_completed": 100}}, {"model": "app.studentinformations", "pk": 80, "fields": {"node": 67, "student": 16, "notes": null, "start_activity": null, "end_activity": null, "amount_access": 9, "percentage_completed": 100}}, {"model": "app.studentinformations", "pk": 82, "fields": {"node": 68, "student": 15, "notes": "7.00", "start_activity": "2018-11-10", "end_activity": "2018-11-11", "amount_access": 7, "percentage_completed": 100}}, {"model": "app.studentinformations", "pk": 83, "fields": {"node": 68, "student": 16, "notes": "8.00", "start_activity": "2018-11-09", "end_activity": "2018-11-10", "amount_access": 10, "percentage_completed": 100}}, {"model": "app.studentinformations", "pk": 85, "fields": {"node": 69, "student": 17, "notes": null, "start_activity": "2018-11-06", "end_activity": "2018-11-07", "amount_access": 10, "percentage_completed": 100}}, {"model": "app.studentinformations", "pk": 86, "fields": {"node": 69, "student": 18, "notes": null, "start_activity": "2018-11-06", "end_activity": "2018-11-08", "amount_access": 8, "percentage_completed": 100}}, {"model": "app.studentinformations", "pk": 87, "fields": {"node": 69, "student": 19, "notes": null, "start_activity": "2018-11-06", "end_activity": "2018-11-07", "amount_access": 5, "percentage_completed": 100}}, {"model": "app.studentinformations", "pk": 88, "fields": {"node": 69, "student": 20, "notes": null, "start_activity": "2018-11-06", "end_activity": "2018-11-09", "amount_access": 5, "percentage_completed": 100}}, {"model": "app.studentinformations", "pk": 89, "fields": {"node": 70, "student": 17, "notes": null, "start_activity": "2018-10-06", "end_activity": "2018-10-07", "amount_access": 3, "percentage_completed": 99}}, {"model": "app.studentinformations", "pk": 90, "fields": {"node": 70, "student": 18, "notes": null, "start_activity": "2018-10-06", "end_activity": "2018-10-08", "amount_access": 7, "percentage_completed": 100}}, {"model": "app.studentinformations", "pk": 91, "fields": {"node": 70, "student": 19, "notes": null, "start_activity": "2018-10-06", "end_activity": "2018-10-09", "amount_access": 5, "percentage_completed": 91}}, {"model": "app.studentinformations", "pk": 92, "fields": {"node": 70, "student": 20, "notes": null, "start_activity": "2018-10-06", "end_activity": "2018-10-07", "amount_access": 5, "percentage_completed": 83}}, {"model": "app.studentinformations", "pk": 93, "fields": {"node": 71, "student": 17, "notes": "9.00", "start_activity": "2018-11-07", "end_activity": "2018-11-08", "amount_access": 2, "percentage_completed": 100}}, {"model": "app.studentinformations", "pk": 94, "fields": {"node": 71, "student": 18, "notes": "10.00", "start_activity": "2018-11-07", "end_activity": "2018-11-09", "amount_access": 5, "percentage_completed": 100}}, {"model": "app.studentinformations", "pk": 95, "fields": {"node": 71, "student": 19, "notes": "8.00", "start_activity": "2018-11-07", "end_activity": "2018-11-10", "amount_access": 2, "percentage_completed": 100}}, {"model": "app.studentinformations", "pk": 96, "fields": {"node": 71, "student": 20, "notes": "8.00", "start_activity": "2018-11-07", "end_activity": "2018-11-08", "amount_access": 6, "percentage_completed": 100}}, {"model": "app.studentinformations", "pk": 97, "fields": {"node": 72, "student": 17, "notes": null, "start_activity": "2018-11-09", "end_activity": "2018-11-10", "amount_access": 10, "percentage_completed": 100}}, {"model": "app.studentinformations", "pk": 98, "fields": {"node": 72, "student": 18, "notes": null, "start_activity": "2018-11-09", "end_activity": "2018-11-11", "amount_access": 4, "percentage_completed": 100}}, {"model": "app.studentinformations", "pk": 99, "fields": {"node": 73, "student": 17, "notes": "8.00", "start_activity": "2018-11-10", "end_activity": "2018-11-12", "amount_access": 10, "percentage_completed": 100}}, {"model": "app.studentinformations", "pk": 100, "fields": {"node": 73, "student": 18, "notes": "8.00", "start_activity": "2018-11-10", "end_activity": "2018-11-13", "amount_access": 7, "percentage_completed": 100}}, {"model": "app.studentinformations", "pk": 101, "fields": {"node": 74, "student": 19, "notes": null, "start_activity": "2018-11-09", "end_activity": "2018-11-12", "amount_access": 4, "percentage_completed": 100}}, {"model": "app.studentinformations", "pk": 102, "fields": {"node": 74, "student": 20, "notes": null, "start_activity": "2018-11-09", "end_activity": "2018-11-13", "amount_access": 4, "percentage_completed": 100}}, {"model": "app.studentinformations", "pk": 103, "fields": {"node": 75, "student": 19, "notes": "10.00", "start_activity": "2018-11-11", "end_activity": "2018-11-13", "amount_access": 2, "percentage_completed": 100}}, {"model": "app.studentinformations", "pk": 104, "fields": {"node": 75, "student": 20, "notes": "7.00", "start_activity": "2018-11-12", "end_activity": "2018-11-13", "amount_access": 10, "percentage_completed": 100}}, {"model": "app.studentinformations", "pk": 133, "fields": {"node": 77, "student": 21, "notes": null, "start_activity": null, "end_activity": null, "amount_access": 1, "percentage_completed": 100}}, {"model": "app.studentinformations", "pk": 134, "fields": {"node": 78, "student": 21, "notes": null, "start_activity": null, "end_activity": null, "amount_access": 5, "percentage_completed": 100}}, {"model": "app.studentinformations", "pk": 135, "fields": {"node": 77, "student": 22, "notes": null, "start_activity": null, "end_activity": null, "amount_access": 2, "percentage_completed": 100}}, {"model": "app.studentinformations", "pk": 136, "fields": {"node": 78, "student": 22, "notes": null, "start_activity": null, "end_activity": null, "amount_access": 1, "percentage_completed": 100}}, {"model": "app.studentinformations", "pk": 137, "fields": {"node": 77, "student": 23, "notes": null, "start_activity": null, "end_activity": null, "amount_access": 2, "percentage_completed": 100}}, {"model": "app.studentinformations", "pk": 138, "fields": {"node": 78, "student": 23, "notes": null, "start_activity": null, "end_activity": null, "amount_access": 5, "percentage_completed": 100}}, {"model": "app.studentinformations", "pk": 139, "fields": {"node": 77, "student": 24, "notes": null, "start_activity": null, "end_activity": null, "amount_access": 4, "percentage_completed": 100}}, {"model": "app.studentinformations", "pk": 140, "fields": {"node": 78, "student": 24, "notes": null, "start_activity": null, "end_activity": null, "amount_access": 4, "percentage_completed": 100}}, {"model": "app.studentinformations", "pk": 141, "fields": {"node": 77, "student": 25, "notes": null, "start_activity": null, "end_activity": null, "amount_access": 5, "percentage_completed": 100}}, {"model": "app.studentinformations", "pk": 142, "fields": {"node": 78, "student": 25, "notes": null, "start_activity": null, "end_activity": null, "amount_access": 6, "percentage_completed": 100}}, {"model": "app.studentinformations", "pk": 143, "fields": {"node": 77, "student": 26, "notes": null, "start_activity": null, "end_activity": null, "amount_access": 5, "percentage_completed": 100}}, {"model": "app.studentinformations", "pk": 144, "fields": {"node": 78, "student": 26, "notes": null, "start_activity": null, "end_activity": null, "amount_access": 3, "percentage_completed": 100}}, {"model": "app.studentinformations", "pk": 145, "fields": {"node": 77, "student": 27, "notes": null, "start_activity": null, "end_activity": null, "amount_access": 5, "percentage_completed": 100}}, {"model": "app.studentinformations", "pk": 146, "fields": {"node": 78, "student": 27, "notes": null, "start_activity": null, "end_activity": null, "amount_access": 4, "percentage_completed": 100}}, {"model": "app.studentinformations", "pk": 147, "fields": {"node": 77, "student": 31, "notes": null, "start_activity": null, "end_activity": null, "amount_access": 0, "percentage_completed": 100}}, {"model": "app.studentinformations", "pk": 149, "fields": {"node": 79, "student": 21, "notes": null, "start_activity": null, "end_activity": null, "amount_access": 2, "percentage_completed": 100}}, {"model": "app.studentinformations", "pk": 150, "fields": {"node": 79, "student": 22, "notes": null, "start_activity": null, "end_activity": null, "amount_access": 6, "percentage_completed": 100}}, {"model": "app.studentinformations", "pk": 151, "fields": {"node": 79, "student": 23, "notes": null, "start_activity": null, "end_activity": null, "amount_access": 4, "percentage_completed": 100}}, {"model": "app.studentinformations", "pk": 152, "fields": {"node": 79, "student": 24, "notes": null, "start_activity": null, "end_activity": null, "amount_access": 4, "percentage_completed": 100}}, {"model": "app.studentinformations", "pk": 153, "fields": {"node": 79, "student": 25, "notes": null, "start_activity": null, "end_activity": null, "amount_access": 4, "percentage_completed": 100}}, {"model": "app.studentinformations", "pk": 154, "fields": {"node": 80, "student": 26, "notes": null, "start_activity": null, "end_activity": null, "amount_access": 1, "percentage_completed": 100}}, {"model": "app.studentinformations", "pk": 155, "fields": {"node": 80, "student": 27, "notes": null, "start_activity": null, "end_activity": null, "amount_access": 4, "percentage_completed": 100}}, {"model": "app.studentinformations", "pk": 156, "fields": {"node": 82, "student": 21, "notes": "9.40", "start_activity": null, "end_activity": null, "amount_access": 4, "percentage_completed": 100}}, {"model": "app.studentinformations", "pk": 157, "fields": {"node": 82, "student": 22, "notes": "5.20", "start_activity": null, "end_activity": null, "amount_access": 1, "percentage_completed": 100}}, {"model": "app.studentinformations", "pk": 158, "fields": {"node": 82, "student": 23, "notes": "8.80", "start_activity": null, "end_activity": null, "amount_access": 4, "percentage_completed": 100}}, {"model": "app.studentinformations", "pk": 159, "fields": {"node": 82, "student": 24, "notes": "2.80", "start_activity": null, "end_activity": null, "amount_access": 3, "percentage_completed": 100}}, {"model": "app.studentinformations", "pk": 160, "fields": {"node": 82, "student": 25, "notes": "4.90", "start_activity": null, "end_activity": null, "amount_access": 4, "percentage_completed": 100}}, {"model": "app.studentinformations", "pk": 161, "fields": {"node": 84, "student": 21, "notes": "4.20", "start_activity": null, "end_activity": null, "amount_access": 1, "percentage_completed": 100}}, {"model": "app.studentinformations", "pk": 162, "fields": {"node": 84, "student": 22, "notes": "8.50", "start_activity": null, "end_activity": null, "amount_access": 1, "percentage_completed": 100}}, {"model": "app.studentinformations", "pk": 163, "fields": {"node": 84, "student": 23, "notes": "4.60", "start_activity": null, "end_activity": null, "amount_access": 1, "percentage_completed": 100}}, {"model": "app.studentinformations", "pk": 164, "fields": {"node": 84, "student": 24, "notes": "9.70", "start_activity": null, "end_activity": null, "amount_access": 1, "percentage_completed": 100}}, {"model": "app.studentinformations", "pk": 165, "fields": {"node": 84, "student": 25, "notes": "2.80", "start_activity": null, "end_activity": null, "amount_access": 1, "percentage_completed": 100}}, {"model": "app.studentinformations", "pk": 166, "fields": {"node": 83, "student": 26, "notes": "9.00", "start_activity": null, "end_activity": null, "amount_access": 4, "percentage_completed": 100}}, {"model": "app.studentinformations", "pk": 167, "fields": {"node": 83, "student": 27, "notes": "8.00", "start_activity": null, "end_activity": null, "amount_access": 1, "percentage_completed": 100}}, {"model": "app.studentinformations", "pk": 169, "fields": {"node": 77, "student": 29, "notes": null, "start_activity": null, "end_activity": null, "amount_access": 0, "percentage_completed": 0}}, {"model": "app.studentinformations", "pk": 170, "fields": {"node": 77, "student": 28, "notes": null, "start_activity": null, "end_activity": null, "amount_access": 0, "percentage_completed": 0}}, {"model": "app.studentinformations", "pk": 171, "fields": {"node": 78, "student": 28, "notes": null, "start_activity": null, "end_activity": null, "amount_access": 0, "percentage_completed": 0}}, {"model": "app.studentinformations", "pk": 172, "fields": {"node": 78, "student": 29, "notes": null, "start_activity": null, "end_activity": null, "amount_access": 0, "percentage_completed": 0}}, {"model": "app.studentinformations", "pk": 173, "fields": {"node": 78, "student": 31, "notes": null, "start_activity": null, "end_activity": null, "amount_access": 0, "percentage_completed": 0}}, {"model": "app.studentinformations", "pk": 174, "fields": {"node": 81, "student": 28, "notes": "8.00", "start_activity": null, "end_activity": null, "amount_access": 2, "percentage_completed": 100}}, {"model": "app.studentinformations", "pk": 175, "fields": {"node": 81, "student": 29, "notes": "7.00", "start_activity": null, "end_activity": null, "amount_access": 1, "percentage_completed": 100}}, {"model": "app.studentinformations", "pk": 176, "fields": {"node": 81, "student": 31, "notes": "9.00", "start_activity": null, "end_activity": null, "amount_access": 3, "percentage_completed": 100}}, {"model": "app.studentinformations", "pk": 177, "fields": {"node": 88, "student": 21, "notes": null, "start_activity": null, "end_activity": null, "amount_access": 1, "percentage_completed": 100}}, {"model": "app.studentinformations", "pk": 178, "fields": {"node": 88, "student": 22, "notes": null, "start_activity": null, "end_activity": null, "amount_access": 2, "percentage_completed": 100}}, {"model": "app.studentinformations", "pk": 179, "fields": {"node": 88, "student": 23, "notes": null, "start_activity": null, "end_activity": null, "amount_access": 3, "percentage_completed": 100}}, {"model": "app.studentinformations", "pk": 180, "fields": {"node": 88, "student": 24, "notes": null, "start_activity": null, "end_activity": null, "amount_access": 4, "percentage_completed": 100}}, {"model": "app.studentinformations", "pk": 181, "fields": {"node": 88, "student": 25, "notes": null, "start_activity": null, "end_activity": null, "amount_access": 5, "percentage_completed": 100}}, {"model": "app.studentinformations", "pk": 182, "fields": {"node": 94, "student": 21, "notes": "7.60", "start_activity": null, "end_activity": null, "amount_access": 6, "percentage_completed": 100}}, {"model": "app.studentinformations", "pk": 183, "fields": {"node": 94, "student": 22, "notes": "5.73", "start_activity": null, "end_activity": null, "amount_access": 5, "percentage_completed": 100}}, {"model": "app.studentinformations", "pk": 184, "fields": {"node": 94, "student": 23, "notes": "8.10", "start_activity": null, "end_activity": null, "amount_access": 2, "percentage_completed": 100}}, {"model": "app.studentinformations", "pk": 185, "fields": {"node": 94, "student": 24, "notes": "6.60", "start_activity": null, "end_activity": null, "amount_access": 2, "percentage_completed": 100}}, {"model": "app.studentinformations", "pk": 186, "fields": {"node": 94, "student": 25, "notes": "5.00", "start_activity": null, "end_activity": null, "amount_access": 2, "percentage_completed": 100}}, {"model": "app.studentinformations", "pk": 187, "fields": {"node": 85, "student": 26, "notes": "8.30", "start_activity": null, "end_activity": null, "amount_access": 1, "percentage_completed": 100}}, {"model": "app.studentinformations", "pk": 188, "fields": {"node": 85, "student": 27, "notes": "8.90", "start_activity": null, "end_activity": null, "amount_access": 1, "percentage_completed": 100}}, {"model": "app.studentinformations", "pk": 189, "fields": {"node": 89, "student": 26, "notes": null, "start_activity": null, "end_activity": null, "amount_access": 1, "percentage_completed": 100}}, {"model": "app.studentinformations", "pk": 190, "fields": {"node": 90, "student": 27, "notes": null, "start_activity": null, "end_activity": null, "amount_access": 5, "percentage_completed": 100}}, {"model": "app.studentinformations", "pk": 191, "fields": {"node": 86, "student": 28, "notes": "7.30", "start_activity": null, "end_activity": null, "amount_access": 4, "percentage_completed": 100}}, {"model": "app.studentinformations", "pk": 192, "fields": {"node": 86, "student": 29, "notes": "5.30", "start_activity": null, "end_activity": null, "amount_access": 6, "percentage_completed": 100}}, {"model": "app.studentinformations", "pk": 193, "fields": {"node": 86, "student": 31, "notes": "7.50", "start_activity": null, "end_activity": null, "amount_access": 2, "percentage_completed": 100}}, {"model": "app.course", "pk": 1, "fields": {"name": "Computa\u00e7\u00e3o B\u00e1sica"}}, {"model": "app.course", "pk": 2, "fields": {"name": "Curso TCC"}}, {"model": "app.course", "pk": 3, "fields": {"name": "Curso TCC 2"}}, {"model": "auth.permission", "pk": 1, "fields": {"name": "Can add log entry", "content_type": 1, "codename": "add_logentry"}}, {"model": "auth.permission", "pk": 2, "fields": {"name": "Can change log entry", "content_type": 1, "codename": "change_logentry"}}, {"model": "auth.permission", "pk": 3, "fields": {"name": "Can delete log entry", "content_type": 1, "codename": "delete_logentry"}}, {"model": "auth.permission", "pk": 4, "fields": {"name": "Can view log entry", "content_type": 1, "codename": "view_logentry"}}, {"model": "auth.permission", "pk": 5, "fields": {"name": "Can add permission", "content_type": 2, "codename": "add_permission"}}, {"model": "auth.permission", "pk": 6, "fields": {"name": "Can change permission", "content_type": 2, "codename": "change_permission"}}, {"model": "auth.permission", "pk": 7, "fields": {"name": "Can delete permission", "content_type": 2, "codename": "delete_permission"}}, {"model": "auth.permission", "pk": 8, "fields": {"name": "Can view permission", "content_type": 2, "codename": "view_permission"}}, {"model": "auth.permission", "pk": 9, "fields": {"name": "Can add group", "content_type": 3, "codename": "add_group"}}, {"model": "auth.permission", "pk": 10, "fields": {"name": "Can change group", "content_type": 3, "codename": "change_group"}}, {"model": "auth.permission", "pk": 11, "fields": {"name": "Can delete group", "content_type": 3, "codename": "delete_group"}}, {"model": "auth.permission", "pk": 12, "fields": {"name": "Can view group", "content_type": 3, "codename": "view_group"}}, {"model": "auth.permission", "pk": 13, "fields": {"name": "Can add user", "content_type": 4, "codename": "add_user"}}, {"model": "auth.permission", "pk": 14, "fields": {"name": "Can change user", "content_type": 4, "codename": "change_user"}}, {"model": "auth.permission", "pk": 15, "fields": {"name": "Can delete user", "content_type": 4, "codename": "delete_user"}}, {"model": "auth.permission", "pk": 16, "fields": {"name": "Can view user", "content_type": 4, "codename": "view_user"}}, {"model": "auth.permission", "pk": 17, "fields": {"name": "Can add content type", "content_type": 5, "codename": "add_contenttype"}}, {"model": "auth.permission", "pk": 18, "fields": {"name": "Can change content type", "content_type": 5, "codename": "change_contenttype"}}, {"model": "auth.permission", "pk": 19, "fields": {"name": "Can delete content type", "content_type": 5, "codename": "delete_contenttype"}}, {"model": "auth.permission", "pk": 20, "fields": {"name": "Can view content type", "content_type": 5, "codename": "view_contenttype"}}, {"model": "auth.permission", "pk": 21, "fields": {"name": "Can add session", "content_type": 6, "codename": "add_session"}}, {"model": "auth.permission", "pk": 22, "fields": {"name": "Can change session", "content_type": 6, "codename": "change_session"}}, {"model": "auth.permission", "pk": 23, "fields": {"name": "Can delete session", "content_type": 6, "codename": "delete_session"}}, {"model": "auth.permission", "pk": 24, "fields": {"name": "Can view session", "content_type": 6, "codename": "view_session"}}, {"model": "auth.permission", "pk": 25, "fields": {"name": "Can add classes", "content_type": 7, "codename": "add_classes"}}, {"model": "auth.permission", "pk": 26, "fields": {"name": "Can change classes", "content_type": 7, "codename": "change_classes"}}, {"model": "auth.permission", "pk": 27, "fields": {"name": "Can delete classes", "content_type": 7, "codename": "delete_classes"}}, {"model": "auth.permission", "pk": 28, "fields": {"name": "Can view classes", "content_type": 7, "codename": "view_classes"}}, {"model": "auth.permission", "pk": 29, "fields": {"name": "Can add student", "content_type": 8, "codename": "add_student"}}, {"model": "auth.permission", "pk": 30, "fields": {"name": "Can change student", "content_type": 8, "codename": "change_student"}}, {"model": "auth.permission", "pk": 31, "fields": {"name": "Can delete student", "content_type": 8, "codename": "delete_student"}}, {"model": "auth.permission", "pk": 32, "fields": {"name": "Can view student", "content_type": 8, "codename": "view_student"}}, {"model": "auth.permission", "pk": 33, "fields": {"name": "Can add step", "content_type": 9, "codename": "add_step"}}, {"model": "auth.permission", "pk": 34, "fields": {"name": "Can change step", "content_type": 9, "codename": "change_step"}}, {"model": "auth.permission", "pk": 35, "fields": {"name": "Can delete step", "content_type": 9, "codename": "delete_step"}}, {"model": "auth.permission", "pk": 36, "fields": {"name": "Can view step", "content_type": 9, "codename": "view_step"}}, {"model": "auth.permission", "pk": 37, "fields": {"name": "Can add activity", "content_type": 10, "codename": "add_activity"}}, {"model": "auth.permission", "pk": 38, "fields": {"name": "Can change activity", "content_type": 10, "codename": "change_activity"}}, {"model": "auth.permission", "pk": 39, "fields": {"name": "Can delete activity", "content_type": 10, "codename": "delete_activity"}}, {"model": "auth.permission", "pk": 40, "fields": {"name": "Can view activity", "content_type": 10, "codename": "view_activity"}}, {"model": "auth.permission", "pk": 41, "fields": {"name": "Can add student informations", "content_type": 11, "codename": "add_studentinformations"}}, {"model": "auth.permission", "pk": 42, "fields": {"name": "Can change student informations", "content_type": 11, "codename": "change_studentinformations"}}, {"model": "auth.permission", "pk": 43, "fields": {"name": "Can delete student informations", "content_type": 11, "codename": "delete_studentinformations"}}, {"model": "auth.permission", "pk": 44, "fields": {"name": "Can view student informations", "content_type": 11, "codename": "view_studentinformations"}}, {"model": "auth.permission", "pk": 45, "fields": {"name": "Can add node", "content_type": 12, "codename": "add_node"}}, {"model": "auth.permission", "pk": 46, "fields": {"name": "Can change node", "content_type": 12, "codename": "change_node"}}, {"model": "auth.permission", "pk": 47, "fields": {"name": "Can delete node", "content_type": 12, "codename": "delete_node"}}, {"model": "auth.permission", "pk": 48, "fields": {"name": "Can view node", "content_type": 12, "codename": "view_node"}}, {"model": "auth.permission", "pk": 49, "fields": {"name": "Can add course", "content_type": 13, "codename": "add_course"}}, {"model": "auth.permission", "pk": 50, "fields": {"name": "Can change course", "content_type": 13, "codename": "change_course"}}, {"model": "auth.permission", "pk": 51, "fields": {"name": "Can delete course", "content_type": 13, "codename": "delete_course"}}, {"model": "auth.permission", "pk": 52, "fields": {"name": "Can view course", "content_type": 13, "codename": "view_course"}}, {"model": "auth.permission", "pk": 53, "fields": {"name": "Can add level", "content_type": 14, "codename": "add_level"}}, {"model": "auth.permission", "pk": 54, "fields": {"name": "Can change level", "content_type": 14, "codename": "change_level"}}, {"model": "auth.permission", "pk": 55, "fields": {"name": "Can delete level", "content_type": 14, "codename": "delete_level"}}, {"model": "auth.permission", "pk": 56, "fields": {"name": "Can view level", "content_type": 14, "codename": "view_level"}}, {"model": "auth.permission", "pk": 57, "fields": {"name": "Can add user", "content_type": 15, "codename": "add_teacher"}}, {"model": "auth.permission", "pk": 58, "fields": {"name": "Can change user", "content_type": 15, "codename": "change_teacher"}}, {"model": "auth.permission", "pk": 59, "fields": {"name": "Can delete user", "content_type": 15, "codename": "delete_teacher"}}, {"model": "auth.permission", "pk": 60, "fields": {"name": "Can view user", "content_type": 15, "codename": "view_teacher"}}, {"model": "auth.user", "pk": 1, "fields": {"password": "pbkdf2_sha256$120000$jFMFPAQIBAs5$VV9cJZ5jbemKq4bP0ciqJ3zFLDxjEFt4xRyGs4QOCUE=", "last_login": "2018-11-09T01:24:18.131Z", "is_superuser": true, "username": "admin", "first_name": "", "last_name": "", "email": "", "is_staff": true, "is_active": true, "date_joined": "2018-08-31T03:07:10.595Z", "groups": [], "user_permissions": []}}, {"model": "auth.user", "pk": 3, "fields": {"password": "pbkdf2_sha256$120000$GBRRIBWSbpOD$CTxF54gBOKFdTAtvBmq4UqrGcFrVKvzuFF8UILNqo88=", "last_login": "2018-11-07T00:26:26.259Z", "is_superuser": false, "username": "professor", "first_name": "Professor afonso", "last_name": "", "email": "", "is_staff": false, "is_active": true, "date_joined": "2018-10-15T22:27:35Z", "groups": [], "user_permissions": []}}, {"model": "auth.user", "pk": 5, "fields": {"password": "pbkdf2_sha256$120000$Wuyu2tnpblXz$iTYbJ2LL6jQG7byD1oGi+WG9Ffd2Pup7mNnb647EJmM=", "last_login": "2018-11-10T13:12:58.991Z", "is_superuser": false, "username": "felix", "first_name": "Jos\u00e9", "last_name": "F\u00e9lix", "email": "", "is_staff": false, "is_active": true, "date_joined": "2018-11-03T20:44:45Z", "groups": [], "user_permissions": []}}, {"model": "app.teacher", "pk": 1, "fields": {"user": 3, "classe": [1, 3]}}, {"model": "app.teacher", "pk": 2, "fields": {"user": 5, "classe": [4, 5]}}, {"model": "admin.logentry", "pk": 1, "fields": {"action_time": "2018-08-31T03:07:48.565Z", "user": 1, "content_type": 9, "object_id": "1", "object_repr": "Passo 1", "action_flag": 1, "change_message": "[{\"added\": {}}]"}}, {"model": "admin.logentry", "pk": 2, "fields": {"action_time": "2018-08-31T03:07:53.752Z", "user": 1, "content_type": 9, "object_id": "2", "object_repr": "Passo 2", "action_flag": 1, "change_message": "[{\"added\": {}}]"}}, {"model": "admin.logentry", "pk": 3, "fields": {"action_time": "2018-08-31T03:07:58.247Z", "user": 1, "content_type": 9, "object_id": "3", "object_repr": "Passo 3", "action_flag": 1, "change_message": "[{\"added\": {}}]"}}, {"model": "admin.logentry", "pk": 4, "fields": {"action_time": "2018-08-31T03:08:04.323Z", "user": 1, "content_type": 9, "object_id": "4", "object_repr": "Passo 4", "action_flag": 1, "change_message": "[{\"added\": {}}]"}}, {"model": "admin.logentry", "pk": 5, "fields": {"action_time": "2018-08-31T03:08:40.272Z", "user": 1, "content_type": 7, "object_id": "1", "object_repr": "Turma 1", "action_flag": 1, "change_message": "[{\"added\": {}}]"}}, {"model": "admin.logentry", "pk": 6, "fields": {"action_time": "2018-08-31T03:09:10.738Z", "user": 1, "content_type": 8, "object_id": "1", "object_repr": "ALUNO 1", "action_flag": 1, "change_message": "[{\"added\": {}}]"}}, {"model": "admin.logentry", "pk": 7, "fields": {"action_time": "2018-08-31T03:09:22.136Z", "user": 1, "content_type": 8, "object_id": "2", "object_repr": "ALUNO 2", "action_flag": 1, "change_message": "[{\"added\": {}}]"}}, {"model": "admin.logentry", "pk": 8, "fields": {"action_time": "2018-08-31T03:09:32.910Z", "user": 1, "content_type": 8, "object_id": "3", "object_repr": "ALUNO 3", "action_flag": 1, "change_message": "[{\"added\": {}}]"}}, {"model": "admin.logentry", "pk": 9, "fields": {"action_time": "2018-08-31T03:09:41.011Z", "user": 1, "content_type": 8, "object_id": "4", "object_repr": "ALUNO 4", "action_flag": 1, "change_message": "[{\"added\": {}}]"}}, {"model": "admin.logentry", "pk": 10, "fields": {"action_time": "2018-08-31T03:10:07.386Z", "user": 1, "content_type": 10, "object_id": "1", "object_repr": "LER MANUAL DE CONFIGURA\u00c7\u00c3O", "action_flag": 1, "change_message": "[{\"added\": {}}]"}}, {"model": "admin.logentry", "pk": 11, "fields": {"action_time": "2018-08-31T03:10:19.060Z", "user": 1, "content_type": 10, "object_id": "2", "object_repr": "CONFIGURAR AMBIENTE", "action_flag": 1, "change_message": "[{\"added\": {}}]"}}, {"model": "admin.logentry", "pk": 12, "fields": {"action_time": "2018-08-31T03:10:33.730Z", "user": 1, "content_type": 10, "object_id": "3", "object_repr": "LER MATERIAL DE APOIO", "action_flag": 1, "change_message": "[{\"added\": {}}]"}}, {"model": "admin.logentry", "pk": 13, "fields": {"action_time": "2018-08-31T03:10:41.813Z", "user": 1, "content_type": 10, "object_id": "4", "object_repr": "ASSISTIR VIDEO AULA", "action_flag": 1, "change_message": "[{\"added\": {}}]"}}, {"model": "admin.logentry", "pk": 14, "fields": {"action_time": "2018-08-31T03:11:02.507Z", "user": 1, "content_type": 10, "object_id": "5", "object_repr": "LER MATERIAL DE APOIO", "action_flag": 1, "change_message": "[{\"added\": {}}]"}}, {"model": "admin.logentry", "pk": 15, "fields": {"action_time": "2018-08-31T03:11:09.578Z", "user": 1, "content_type": 10, "object_id": "6", "object_repr": "ASSISTIR VIDEO AULA", "action_flag": 1, "change_message": "[{\"added\": {}}]"}}, {"model": "admin.logentry", "pk": 16, "fields": {"action_time": "2018-08-31T03:12:35.171Z", "user": 1, "content_type": 10, "object_id": "7", "object_repr": "EXERCICIO PRATICO", "action_flag": 1, "change_message": "[{\"added\": {}}]"}}, {"model": "admin.logentry", "pk": 17, "fields": {"action_time": "2018-08-31T03:22:06.114Z", "user": 1, "content_type": 10, "object_id": "6", "object_repr": "ASSISTIR VIDEO AULA", "action_flag": 3, "change_message": ""}}, {"model": "admin.logentry", "pk": 18, "fields": {"action_time": "2018-09-04T22:42:58.949Z", "user": 1, "content_type": 7, "object_id": "2", "object_repr": "Turma 2", "action_flag": 1, "change_message": "[{\"added\": {}}]"}}, {"model": "admin.logentry", "pk": 19, "fields": {"action_time": "2018-09-04T23:03:43.075Z", "user": 1, "content_type": 7, "object_id": "2", "object_repr": "Turma 2", "action_flag": 3, "change_message": ""}}, {"model": "admin.logentry", "pk": 20, "fields": {"action_time": "2018-09-05T00:05:31.337Z", "user": 1, "content_type": 7, "object_id": "3", "object_repr": "Turma 2", "action_flag": 1, "change_message": "[{\"added\": {}}]"}}, {"model": "admin.logentry", "pk": 21, "fields": {"action_time": "2018-09-05T00:27:32.197Z", "user": 1, "content_type": 7, "object_id": "3", "object_repr": "Turma 2", "action_flag": 2, "change_message": "[{\"changed\": {\"fields\": [\"step\"]}}]"}}, {"model": "admin.logentry", "pk": 22, "fields": {"action_time": "2018-09-05T01:07:41.307Z", "user": 1, "content_type": 7, "object_id": "3", "object_repr": "Turma 2", "action_flag": 2, "change_message": "[{\"changed\": {\"fields\": [\"step\"]}}]"}}, {"model": "admin.logentry", "pk": 23, "fields": {"action_time": "2018-09-05T01:13:09.219Z", "user": 1, "content_type": 8, "object_id": "5", "object_repr": "ALUNO 5", "action_flag": 1, "change_message": "[{\"added\": {}}]"}}, {"model": "admin.logentry", "pk": 24, "fields": {"action_time": "2018-09-05T01:13:42.477Z", "user": 1, "content_type": 10, "object_id": "1", "object_repr": "LER MANUAL DE CONFIGURA\u00c7\u00c3O", "action_flag": 2, "change_message": "[{\"changed\": {\"fields\": [\"student\"]}}]"}}, {"model": "admin.logentry", "pk": 25, "fields": {"action_time": "2018-09-05T01:14:23.614Z", "user": 1, "content_type": 10, "object_id": "7", "object_repr": "EXERCICIO PRATICO", "action_flag": 2, "change_message": "[{\"changed\": {\"fields\": [\"student\"]}}]"}}, {"model": "admin.logentry", "pk": 26, "fields": {"action_time": "2018-09-05T01:14:36.351Z", "user": 1, "content_type": 10, "object_id": "7", "object_repr": "EXERCICIO PRATICO", "action_flag": 2, "change_message": "[{\"changed\": {\"fields\": [\"student\"]}}]"}}, {"model": "admin.logentry", "pk": 27, "fields": {"action_time": "2018-09-05T01:51:49.938Z", "user": 1, "content_type": 10, "object_id": "2", "object_repr": "CONFIGURAR AMBIENTE", "action_flag": 2, "change_message": "[{\"changed\": {\"fields\": [\"student\"]}}]"}}, {"model": "admin.logentry", "pk": 28, "fields": {"action_time": "2018-09-06T01:45:13.709Z", "user": 1, "content_type": 12, "object_id": "1", "object_repr": "Node object (1)", "action_flag": 1, "change_message": "[{\"added\": {}}]"}}, {"model": "admin.logentry", "pk": 29, "fields": {"action_time": "2018-09-06T01:57:02.488Z", "user": 1, "content_type": 13, "object_id": "1", "object_repr": "Course object (1)", "action_flag": 1, "change_message": "[{\"added\": {}}]"}}, {"model": "admin.logentry", "pk": 30, "fields": {"action_time": "2018-09-06T02:00:51.091Z", "user": 1, "content_type": 12, "object_id": "2", "object_repr": "N\u00f3 2-CONFIGURAR AMBIENTE", "action_flag": 1, "change_message": "[{\"added\": {}}]"}}, {"model": "admin.logentry", "pk": 31, "fields": {"action_time": "2018-09-06T02:02:30.465Z", "user": 1, "content_type": 12, "object_id": "3", "object_repr": "N\u00f3 3-ASSISTIR VIDEO AULA", "action_flag": 1, "change_message": "[{\"added\": {}}]"}}, {"model": "admin.logentry", "pk": 32, "fields": {"action_time": "2018-09-06T02:04:19.096Z", "user": 1, "content_type": 12, "object_id": "4", "object_repr": "N\u00f3 4-LER MATERIAL DE APOIO", "action_flag": 1, "change_message": "[{\"added\": {}}]"}}, {"model": "admin.logentry", "pk": 33, "fields": {"action_time": "2018-09-06T02:05:00.324Z", "user": 1, "content_type": 12, "object_id": "5", "object_repr": "N\u00f3 5-LER MATERIAL DE APOIO", "action_flag": 1, "change_message": "[{\"added\": {}}]"}}, {"model": "admin.logentry", "pk": 34, "fields": {"action_time": "2018-09-06T02:05:12.582Z", "user": 1, "content_type": 12, "object_id": "6", "object_repr": "N\u00f3 6-ASSISTIR VIDEO AULA", "action_flag": 1, "change_message": "[{\"added\": {}}]"}}, {"model": "admin.logentry", "pk": 35, "fields": {"action_time": "2018-09-06T02:05:24.985Z", "user": 1, "content_type": 12, "object_id": "7", "object_repr": "N\u00f3 7-EXERCICIO PRATICO", "action_flag": 1, "change_message": "[{\"added\": {}}]"}}, {"model": "admin.logentry", "pk": 36, "fields": {"action_time": "2018-09-06T02:05:40.459Z", "user": 1, "content_type": 12, "object_id": "8", "object_repr": "N\u00f3 8-LER MATERIAL DE APOIO", "action_flag": 1, "change_message": "[{\"added\": {}}]"}}, {"model": "admin.logentry", "pk": 37, "fields": {"action_time": "2018-09-06T02:06:08.748Z", "user": 1, "content_type": 12, "object_id": "9", "object_repr": "N\u00f3 9-ASSISTIR VIDEO AULA", "action_flag": 1, "change_message": "[{\"added\": {}}]"}}, {"model": "admin.logentry", "pk": 38, "fields": {"action_time": "2018-09-06T02:06:20.738Z", "user": 1, "content_type": 12, "object_id": "10", "object_repr": "N\u00f3 10-EXERCICIO PRATICO", "action_flag": 1, "change_message": "[{\"added\": {}}]"}}, {"model": "admin.logentry", "pk": 39, "fields": {"action_time": "2018-09-06T02:06:46.712Z", "user": 1, "content_type": 12, "object_id": "11", "object_repr": "N\u00f3 11-LER MATERIAL DE APOIO", "action_flag": 1, "change_message": "[{\"added\": {}}]"}}, {"model": "admin.logentry", "pk": 40, "fields": {"action_time": "2018-09-06T02:06:58.154Z", "user": 1, "content_type": 12, "object_id": "12", "object_repr": "N\u00f3 12-ASSISTIR VIDEO AULA", "action_flag": 1, "change_message": "[{\"added\": {}}]"}}, {"model": "admin.logentry", "pk": 41, "fields": {"action_time": "2018-09-06T02:07:16.014Z", "user": 1, "content_type": 12, "object_id": "13", "object_repr": "N\u00f3 13-LER MATERIAL DE APOIO", "action_flag": 1, "change_message": "[{\"added\": {}}]"}}, {"model": "admin.logentry", "pk": 42, "fields": {"action_time": "2018-09-06T02:08:00.942Z", "user": 1, "content_type": 12, "object_id": "14", "object_repr": "N\u00f3 14-ASSISTIR VIDEO AULA", "action_flag": 1, "change_message": "[{\"added\": {}}]"}}, {"model": "admin.logentry", "pk": 43, "fields": {"action_time": "2018-09-06T02:09:33.079Z", "user": 1, "content_type": 12, "object_id": "15", "object_repr": "N\u00f3 15-LER MATERIAL DE APOIO", "action_flag": 1, "change_message": "[{\"added\": {}}]"}}, {"model": "admin.logentry", "pk": 44, "fields": {"action_time": "2018-09-06T02:09:45.124Z", "user": 1, "content_type": 12, "object_id": "16", "object_repr": "N\u00f3 16-ASSISTIR VIDEO AULA", "action_flag": 1, "change_message": "[{\"added\": {}}]"}}, {"model": "admin.logentry", "pk": 45, "fields": {"action_time": "2018-09-06T02:09:58.077Z", "user": 1, "content_type": 12, "object_id": "17", "object_repr": "N\u00f3 17-LER MATERIAL DE APOIO", "action_flag": 1, "change_message": "[{\"added\": {}}]"}}, {"model": "admin.logentry", "pk": 46, "fields": {"action_time": "2018-09-06T02:10:09.718Z", "user": 1, "content_type": 12, "object_id": "18", "object_repr": "N\u00f3 18-ASSISTIR VIDEO AULA", "action_flag": 1, "change_message": "[{\"added\": {}}]"}}, {"model": "admin.logentry", "pk": 47, "fields": {"action_time": "2018-09-06T02:10:17.190Z", "user": 1, "content_type": 12, "object_id": "19", "object_repr": "N\u00f3 19-LER MATERIAL DE APOIO", "action_flag": 1, "change_message": "[{\"added\": {}}]"}}, {"model": "admin.logentry", "pk": 48, "fields": {"action_time": "2018-09-06T02:10:24.965Z", "user": 1, "content_type": 12, "object_id": "20", "object_repr": "N\u00f3 20-ASSISTIR VIDEO AULA", "action_flag": 1, "change_message": "[{\"added\": {}}]"}}, {"model": "admin.logentry", "pk": 49, "fields": {"action_time": "2018-09-06T02:13:15.365Z", "user": 1, "content_type": 12, "object_id": "1", "object_repr": "N\u00f3 1-LER MANUAL DE CONFIGURA\u00c7\u00c3O", "action_flag": 2, "change_message": "[{\"changed\": {\"fields\": [\"node_children\"]}}]"}}, {"model": "admin.logentry", "pk": 50, "fields": {"action_time": "2018-09-06T02:13:27.530Z", "user": 1, "content_type": 12, "object_id": "2", "object_repr": "N\u00f3 2-CONFIGURAR AMBIENTE", "action_flag": 2, "change_message": "[{\"changed\": {\"fields\": [\"node_children\"]}}]"}}, {"model": "admin.logentry", "pk": 51, "fields": {"action_time": "2018-09-06T02:14:12.840Z", "user": 1, "content_type": 12, "object_id": "1", "object_repr": "N\u00f3 1-LER MANUAL DE CONFIGURA\u00c7\u00c3O", "action_flag": 2, "change_message": "[{\"changed\": {\"fields\": [\"node_children\"]}}]"}}, {"model": "admin.logentry", "pk": 52, "fields": {"action_time": "2018-09-06T02:14:30.083Z", "user": 1, "content_type": 12, "object_id": "2", "object_repr": "N\u00f3 2-CONFIGURAR AMBIENTE", "action_flag": 2, "change_message": "[{\"changed\": {\"fields\": [\"node_children\"]}}]"}}, {"model": "admin.logentry", "pk": 53, "fields": {"action_time": "2018-09-06T02:14:44.325Z", "user": 1, "content_type": 12, "object_id": "1", "object_repr": "N\u00f3 1-LER MANUAL DE CONFIGURA\u00c7\u00c3O", "action_flag": 2, "change_message": "[{\"changed\": {\"fields\": [\"node_children\"]}}]"}}, {"model": "admin.logentry", "pk": 54, "fields": {"action_time": "2018-09-06T02:15:39.411Z", "user": 1, "content_type": 12, "object_id": "1", "object_repr": "N\u00f3 1-LER MANUAL DE CONFIGURA\u00c7\u00c3O", "action_flag": 2, "change_message": "[{\"changed\": {\"fields\": [\"node_children\"]}}]"}}, {"model": "admin.logentry", "pk": 55, "fields": {"action_time": "2018-09-06T02:16:50.418Z", "user": 1, "content_type": 12, "object_id": "2", "object_repr": "N\u00f3 2-CONFIGURAR AMBIENTE", "action_flag": 2, "change_message": "[{\"changed\": {\"fields\": [\"node_children\"]}}]"}}, {"model": "admin.logentry", "pk": 56, "fields": {"action_time": "2018-09-06T02:17:09.210Z", "user": 1, "content_type": 12, "object_id": "1", "object_repr": "N\u00f3 1-LER MANUAL DE CONFIGURA\u00c7\u00c3O", "action_flag": 2, "change_message": "[{\"changed\": {\"fields\": [\"node_children\"]}}]"}}, {"model": "admin.logentry", "pk": 57, "fields": {"action_time": "2018-09-06T02:17:32.820Z", "user": 1, "content_type": 12, "object_id": "1", "object_repr": "N\u00f3 1-LER MANUAL DE CONFIGURA\u00c7\u00c3O", "action_flag": 2, "change_message": "[{\"changed\": {\"fields\": [\"node_children\"]}}]"}}, {"model": "admin.logentry", "pk": 58, "fields": {"action_time": "2018-09-06T02:17:45.151Z", "user": 1, "content_type": 12, "object_id": "2", "object_repr": "N\u00f3 2-CONFIGURAR AMBIENTE", "action_flag": 2, "change_message": "[{\"changed\": {\"fields\": [\"node_children\"]}}]"}}, {"model": "admin.logentry", "pk": 59, "fields": {"action_time": "2018-09-06T02:19:26.249Z", "user": 1, "content_type": 12, "object_id": "13", "object_repr": "N\u00f3 13-LER MATERIAL DE APOIO", "action_flag": 2, "change_message": "[{\"changed\": {\"fields\": [\"node_children\"]}}]"}}, {"model": "admin.logentry", "pk": 60, "fields": {"action_time": "2018-09-06T02:20:49.099Z", "user": 1, "content_type": 12, "object_id": "1", "object_repr": "N\u00f3 1-LER MANUAL DE CONFIGURA\u00c7\u00c3O", "action_flag": 2, "change_message": "[{\"changed\": {\"fields\": [\"node_children\"]}}]"}}, {"model": "admin.logentry", "pk": 61, "fields": {"action_time": "2018-09-06T02:24:29.754Z", "user": 1, "content_type": 12, "object_id": "2", "object_repr": "N\u00f3 2-CONFIGURAR AMBIENTE", "action_flag": 2, "change_message": "[{\"changed\": {\"fields\": [\"node_children\"]}}]"}}, {"model": "admin.logentry", "pk": 62, "fields": {"action_time": "2018-09-06T02:28:25.433Z", "user": 1, "content_type": 12, "object_id": "2", "object_repr": "N\u00f3 2-CONFIGURAR AMBIENTE", "action_flag": 2, "change_message": "[{\"changed\": {\"fields\": [\"node_parent\"]}}]"}}, {"model": "admin.logentry", "pk": 63, "fields": {"action_time": "2018-09-06T02:28:33.514Z", "user": 1, "content_type": 12, "object_id": "3", "object_repr": "N\u00f3 3-ASSISTIR VIDEO AULA", "action_flag": 2, "change_message": "[{\"changed\": {\"fields\": [\"node_parent\"]}}]"}}, {"model": "admin.logentry", "pk": 64, "fields": {"action_time": "2018-09-06T02:29:03.559Z", "user": 1, "content_type": 12, "object_id": "4", "object_repr": "N\u00f3 4-LER MATERIAL DE APOIO", "action_flag": 2, "change_message": "[{\"changed\": {\"fields\": [\"node_parent\"]}}]"}}, {"model": "admin.logentry", "pk": 65, "fields": {"action_time": "2018-09-06T02:29:37.728Z", "user": 1, "content_type": 12, "object_id": "3", "object_repr": "N\u00f3 3-ASSISTIR VIDEO AULA", "action_flag": 2, "change_message": "[{\"changed\": {\"fields\": [\"node_parent\"]}}]"}}, {"model": "admin.logentry", "pk": 66, "fields": {"action_time": "2018-09-06T02:30:29.699Z", "user": 1, "content_type": 12, "object_id": "5", "object_repr": "N\u00f3 5-LER MATERIAL DE APOIO", "action_flag": 2, "change_message": "[{\"changed\": {\"fields\": [\"node_parent\"]}}]"}}, {"model": "admin.logentry", "pk": 67, "fields": {"action_time": "2018-09-06T02:31:30.294Z", "user": 1, "content_type": 12, "object_id": "6", "object_repr": "N\u00f3 6-ASSISTIR VIDEO AULA", "action_flag": 2, "change_message": "[{\"changed\": {\"fields\": [\"node_parent\"]}}]"}}, {"model": "admin.logentry", "pk": 68, "fields": {"action_time": "2018-09-06T02:31:38.202Z", "user": 1, "content_type": 12, "object_id": "7", "object_repr": "N\u00f3 7-EXERCICIO PRATICO", "action_flag": 2, "change_message": "[{\"changed\": {\"fields\": [\"node_parent\"]}}]"}}, {"model": "admin.logentry", "pk": 69, "fields": {"action_time": "2018-09-06T02:32:02.583Z", "user": 1, "content_type": 12, "object_id": "8", "object_repr": "N\u00f3 8-LER MATERIAL DE APOIO", "action_flag": 2, "change_message": "[{\"changed\": {\"fields\": [\"node_parent\"]}}]"}}, {"model": "admin.logentry", "pk": 70, "fields": {"action_time": "2018-09-06T02:32:09.907Z", "user": 1, "content_type": 12, "object_id": "9", "object_repr": "N\u00f3 9-ASSISTIR VIDEO AULA", "action_flag": 2, "change_message": "[{\"changed\": {\"fields\": [\"node_parent\"]}}]"}}, {"model": "admin.logentry", "pk": 71, "fields": {"action_time": "2018-09-06T02:32:17.595Z", "user": 1, "content_type": 12, "object_id": "10", "object_repr": "N\u00f3 10-EXERCICIO PRATICO", "action_flag": 2, "change_message": "[{\"changed\": {\"fields\": [\"node_parent\"]}}]"}}, {"model": "admin.logentry", "pk": 72, "fields": {"action_time": "2018-09-06T02:35:17.012Z", "user": 1, "content_type": 12, "object_id": "11", "object_repr": "N\u00f3 11-LER MATERIAL DE APOIO", "action_flag": 2, "change_message": "[{\"changed\": {\"fields\": [\"node_parent\"]}}]"}}, {"model": "admin.logentry", "pk": 73, "fields": {"action_time": "2018-09-06T02:35:25.821Z", "user": 1, "content_type": 12, "object_id": "12", "object_repr": "N\u00f3 12-ASSISTIR VIDEO AULA", "action_flag": 2, "change_message": "[{\"changed\": {\"fields\": [\"node_parent\"]}}]"}}, {"model": "admin.logentry", "pk": 74, "fields": {"action_time": "2018-09-06T02:35:32.967Z", "user": 1, "content_type": 12, "object_id": "13", "object_repr": "N\u00f3 13-LER MATERIAL DE APOIO", "action_flag": 2, "change_message": "[{\"changed\": {\"fields\": [\"node_parent\"]}}]"}}, {"model": "admin.logentry", "pk": 75, "fields": {"action_time": "2018-09-06T02:35:40.191Z", "user": 1, "content_type": 12, "object_id": "14", "object_repr": "N\u00f3 14-ASSISTIR VIDEO AULA", "action_flag": 2, "change_message": "[{\"changed\": {\"fields\": [\"node_parent\"]}}]"}}, {"model": "admin.logentry", "pk": 76, "fields": {"action_time": "2018-09-06T02:36:12.326Z", "user": 1, "content_type": 12, "object_id": "15", "object_repr": "N\u00f3 15-LER MATERIAL DE APOIO", "action_flag": 2, "change_message": "[{\"changed\": {\"fields\": [\"node_parent\"]}}]"}}, {"model": "admin.logentry", "pk": 77, "fields": {"action_time": "2018-09-06T02:36:29.761Z", "user": 1, "content_type": 12, "object_id": "16", "object_repr": "N\u00f3 16-ASSISTIR VIDEO AULA", "action_flag": 2, "change_message": "[{\"changed\": {\"fields\": [\"node_parent\"]}}]"}}, {"model": "admin.logentry", "pk": 78, "fields": {"action_time": "2018-09-06T02:36:38.216Z", "user": 1, "content_type": 12, "object_id": "17", "object_repr": "N\u00f3 17-LER MATERIAL DE APOIO", "action_flag": 2, "change_message": "[{\"changed\": {\"fields\": [\"node_parent\"]}}]"}}, {"model": "admin.logentry", "pk": 79, "fields": {"action_time": "2018-09-06T02:36:43.890Z", "user": 1, "content_type": 12, "object_id": "18", "object_repr": "N\u00f3 18-ASSISTIR VIDEO AULA", "action_flag": 2, "change_message": "[{\"changed\": {\"fields\": [\"node_parent\"]}}]"}}, {"model": "admin.logentry", "pk": 80, "fields": {"action_time": "2018-09-06T02:36:51.415Z", "user": 1, "content_type": 12, "object_id": "19", "object_repr": "N\u00f3 19-LER MATERIAL DE APOIO", "action_flag": 2, "change_message": "[{\"changed\": {\"fields\": [\"node_parent\"]}}]"}}, {"model": "admin.logentry", "pk": 81, "fields": {"action_time": "2018-09-06T02:36:58.793Z", "user": 1, "content_type": 12, "object_id": "20", "object_repr": "N\u00f3 20-ASSISTIR VIDEO AULA", "action_flag": 2, "change_message": "[{\"changed\": {\"fields\": [\"node_parent\"]}}]"}}, {"model": "admin.logentry", "pk": 82, "fields": {"action_time": "2018-09-06T02:40:16.710Z", "user": 1, "content_type": 12, "object_id": "21", "object_repr": "N\u00f3 21-EXERCICIO PRATICO", "action_flag": 1, "change_message": "[{\"added\": {}}]"}}, {"model": "admin.logentry", "pk": 83, "fields": {"action_time": "2018-09-06T02:40:29.544Z", "user": 1, "content_type": 12, "object_id": "22", "object_repr": "N\u00f3 22-EXERCICIO PRATICO", "action_flag": 1, "change_message": "[{\"added\": {}}]"}}, {"model": "admin.logentry", "pk": 84, "fields": {"action_time": "2018-09-06T02:40:41.786Z", "user": 1, "content_type": 12, "object_id": "23", "object_repr": "N\u00f3 23-EXERCICIO PRATICO", "action_flag": 1, "change_message": "[{\"added\": {}}]"}}, {"model": "admin.logentry", "pk": 85, "fields": {"action_time": "2018-09-06T02:40:59.782Z", "user": 1, "content_type": 12, "object_id": "24", "object_repr": "N\u00f3 24-EXERCICIO PRATICO", "action_flag": 1, "change_message": "[{\"added\": {}}]"}}, {"model": "admin.logentry", "pk": 86, "fields": {"action_time": "2018-09-06T02:41:10.511Z", "user": 1, "content_type": 12, "object_id": "24", "object_repr": "N\u00f3 24-EXERCICIO PRATICO", "action_flag": 2, "change_message": "[{\"changed\": {\"fields\": [\"node_parent\"]}}]"}}, {"model": "admin.logentry", "pk": 87, "fields": {"action_time": "2018-09-06T02:41:23.228Z", "user": 1, "content_type": 12, "object_id": "25", "object_repr": "N\u00f3 25-EXERCICIO PRATICO", "action_flag": 1, "change_message": "[{\"added\": {}}]"}}, {"model": "admin.logentry", "pk": 88, "fields": {"action_time": "2018-09-06T02:41:34.481Z", "user": 1, "content_type": 12, "object_id": "26", "object_repr": "N\u00f3 26-EXERCICIO PRATICO", "action_flag": 1, "change_message": "[{\"added\": {}}]"}}, {"model": "admin.logentry", "pk": 89, "fields": {"action_time": "2018-09-09T12:26:43.530Z", "user": 1, "content_type": 12, "object_id": "1", "object_repr": "N\u00f3 1-LER MANUAL DE CONFIGURA\u00c7\u00c3O", "action_flag": 2, "change_message": "[{\"changed\": {\"fields\": [\"course\"]}}]"}}, {"model": "admin.logentry", "pk": 90, "fields": {"action_time": "2018-09-09T12:26:57.780Z", "user": 1, "content_type": 12, "object_id": "2", "object_repr": "N\u00f3 2-CONFIGURAR AMBIENTE", "action_flag": 2, "change_message": "[{\"changed\": {\"fields\": [\"course\"]}}]"}}, {"model": "admin.logentry", "pk": 91, "fields": {"action_time": "2018-09-09T12:27:09.436Z", "user": 1, "content_type": 12, "object_id": "3", "object_repr": "N\u00f3 3-ASSISTIR VIDEO AULA", "action_flag": 2, "change_message": "[{\"changed\": {\"fields\": [\"course\"]}}]"}}, {"model": "admin.logentry", "pk": 92, "fields": {"action_time": "2018-09-09T12:27:57.035Z", "user": 1, "content_type": 12, "object_id": "4", "object_repr": "N\u00f3 4-LER MATERIAL DE APOIO", "action_flag": 2, "change_message": "[{\"changed\": {\"fields\": [\"course\"]}}]"}}, {"model": "admin.logentry", "pk": 93, "fields": {"action_time": "2018-09-09T12:43:43.101Z", "user": 1, "content_type": 12, "object_id": "6", "object_repr": "N\u00f3 6-LER MATERIAL DE APOIO", "action_flag": 2, "change_message": "[{\"changed\": {\"fields\": [\"activity\", \"node_parent\"]}}]"}}, {"model": "admin.logentry", "pk": 94, "fields": {"action_time": "2018-09-09T12:43:57.516Z", "user": 1, "content_type": 12, "object_id": "7", "object_repr": "N\u00f3 7-ASSISTIR VIDEO AULA", "action_flag": 2, "change_message": "[{\"changed\": {\"fields\": [\"activity\", \"node_parent\"]}}]"}}, {"model": "admin.logentry", "pk": 95, "fields": {"action_time": "2018-09-09T12:44:25.805Z", "user": 1, "content_type": 12, "object_id": "8", "object_repr": "N\u00f3 8-EXERCICIO PRATICO", "action_flag": 2, "change_message": "[{\"changed\": {\"fields\": [\"activity\"]}}]"}}, {"model": "admin.logentry", "pk": 96, "fields": {"action_time": "2018-09-09T12:44:42.096Z", "user": 1, "content_type": 12, "object_id": "9", "object_repr": "N\u00f3 9-EXERCICIO PRATICO", "action_flag": 2, "change_message": "[{\"changed\": {\"fields\": [\"activity\", \"node_parent\"]}}]"}}, {"model": "admin.logentry", "pk": 97, "fields": {"action_time": "2018-09-09T12:44:55.912Z", "user": 1, "content_type": 12, "object_id": "10", "object_repr": "N\u00f3 10-EXERCICIO PRATICO", "action_flag": 2, "change_message": "[{\"changed\": {\"fields\": [\"node_parent\"]}}]"}}, {"model": "admin.logentry", "pk": 98, "fields": {"action_time": "2018-09-09T12:45:09.512Z", "user": 1, "content_type": 12, "object_id": "11", "object_repr": "N\u00f3 11-EXERCICIO PRATICO", "action_flag": 2, "change_message": "[{\"changed\": {\"fields\": [\"activity\", \"node_parent\"]}}]"}}, {"model": "admin.logentry", "pk": 99, "fields": {"action_time": "2018-09-09T12:45:21.698Z", "user": 1, "content_type": 12, "object_id": "12", "object_repr": "N\u00f3 12-LER MATERIAL DE APOIO", "action_flag": 2, "change_message": "[{\"changed\": {\"fields\": [\"activity\", \"node_parent\"]}}]"}}, {"model": "admin.logentry", "pk": 100, "fields": {"action_time": "2018-09-09T12:45:31.167Z", "user": 1, "content_type": 12, "object_id": "13", "object_repr": "N\u00f3 13-ASSISTIR VIDEO AULA", "action_flag": 2, "change_message": "[{\"changed\": {\"fields\": [\"activity\", \"node_parent\"]}}]"}}, {"model": "admin.logentry", "pk": 101, "fields": {"action_time": "2018-09-09T12:45:45.781Z", "user": 1, "content_type": 12, "object_id": "14", "object_repr": "N\u00f3 14-LER MATERIAL DE APOIO", "action_flag": 2, "change_message": "[{\"changed\": {\"fields\": [\"activity\", \"node_parent\"]}}]"}}, {"model": "admin.logentry", "pk": 102, "fields": {"action_time": "2018-09-09T12:45:58.309Z", "user": 1, "content_type": 12, "object_id": "15", "object_repr": "N\u00f3 15-ASSISTIR VIDEO AULA", "action_flag": 2, "change_message": "[{\"changed\": {\"fields\": [\"activity\", \"node_parent\"]}}]"}}, {"model": "admin.logentry", "pk": 103, "fields": {"action_time": "2018-09-09T12:46:12.963Z", "user": 1, "content_type": 12, "object_id": "16", "object_repr": "N\u00f3 16-LER MATERIAL DE APOIO", "action_flag": 2, "change_message": "[{\"changed\": {\"fields\": [\"activity\", \"node_parent\"]}}]"}}, {"model": "admin.logentry", "pk": 104, "fields": {"action_time": "2018-09-09T12:46:29.662Z", "user": 1, "content_type": 12, "object_id": "17", "object_repr": "N\u00f3 17-LER MATERIAL DE APOIO", "action_flag": 2, "change_message": "[{\"changed\": {\"fields\": [\"node_parent\"]}}]"}}, {"model": "admin.logentry", "pk": 105, "fields": {"action_time": "2018-09-09T12:46:51.364Z", "user": 1, "content_type": 12, "object_id": "18", "object_repr": "N\u00f3 18-ASSISTIR VIDEO AULA", "action_flag": 2, "change_message": "[{\"changed\": {\"fields\": [\"node_parent\"]}}]"}}, {"model": "admin.logentry", "pk": 106, "fields": {"action_time": "2018-09-09T12:47:05.371Z", "user": 1, "content_type": 12, "object_id": "19", "object_repr": "N\u00f3 19-ASSISTIR VIDEO AULA", "action_flag": 2, "change_message": "[{\"changed\": {\"fields\": [\"activity\", \"node_parent\"]}}]"}}, {"model": "admin.logentry", "pk": 107, "fields": {"action_time": "2018-09-09T12:47:17.979Z", "user": 1, "content_type": 12, "object_id": "20", "object_repr": "N\u00f3 20-LER MATERIAL DE APOIO", "action_flag": 2, "change_message": "[{\"changed\": {\"fields\": [\"activity\", \"node_parent\"]}}]"}}, {"model": "admin.logentry", "pk": 108, "fields": {"action_time": "2018-09-09T12:47:33.034Z", "user": 1, "content_type": 12, "object_id": "21", "object_repr": "N\u00f3 21-ASSISTIR VIDEO AULA", "action_flag": 2, "change_message": "[{\"changed\": {\"fields\": [\"activity\", \"node_parent\"]}}]"}}, {"model": "admin.logentry", "pk": 109, "fields": {"action_time": "2018-09-09T12:47:57.285Z", "user": 1, "content_type": 12, "object_id": "22", "object_repr": "N\u00f3 22-EXERCICIO PRATICO", "action_flag": 2, "change_message": "[{\"changed\": {\"fields\": [\"node_parent\"]}}]"}}, {"model": "admin.logentry", "pk": 110, "fields": {"action_time": "2018-09-09T12:48:11.969Z", "user": 1, "content_type": 12, "object_id": "23", "object_repr": "N\u00f3 23-ASSISTIR VIDEO AULA", "action_flag": 2, "change_message": "[{\"changed\": {\"fields\": [\"activity\", \"node_parent\"]}}]"}}, {"model": "admin.logentry", "pk": 111, "fields": {"action_time": "2018-09-09T12:48:26.518Z", "user": 1, "content_type": 12, "object_id": "24", "object_repr": "N\u00f3 24-ASSISTIR VIDEO AULA", "action_flag": 2, "change_message": "[{\"changed\": {\"fields\": [\"activity\", \"node_parent\"]}}]"}}, {"model": "admin.logentry", "pk": 112, "fields": {"action_time": "2018-09-09T12:48:35.021Z", "user": 1, "content_type": 12, "object_id": "25", "object_repr": "N\u00f3 25-EXERCICIO PRATICO", "action_flag": 2, "change_message": "[{\"changed\": {\"fields\": [\"node_parent\"]}}]"}}, {"model": "admin.logentry", "pk": 113, "fields": {"action_time": "2018-09-09T12:48:46.328Z", "user": 1, "content_type": 12, "object_id": "26", "object_repr": "N\u00f3 26-LER MATERIAL DE APOIO", "action_flag": 2, "change_message": "[{\"changed\": {\"fields\": [\"activity\", \"node_parent\"]}}]"}}, {"model": "admin.logentry", "pk": 114, "fields": {"action_time": "2018-09-09T12:49:08.600Z", "user": 1, "content_type": 12, "object_id": "27", "object_repr": "N\u00f3 27-EXERCICIO PRATICO", "action_flag": 1, "change_message": "[{\"added\": {}}]"}}, {"model": "admin.logentry", "pk": 115, "fields": {"action_time": "2018-09-09T12:49:27.972Z", "user": 1, "content_type": 12, "object_id": "28", "object_repr": "N\u00f3 28-EXERCICIO PRATICO", "action_flag": 1, "change_message": "[{\"added\": {}}]"}}, {"model": "admin.logentry", "pk": 116, "fields": {"action_time": "2018-09-09T12:49:50.743Z", "user": 1, "content_type": 12, "object_id": "29", "object_repr": "N\u00f3 29-EXERCICIO PRATICO", "action_flag": 1, "change_message": "[{\"added\": {}}]"}}, {"model": "admin.logentry", "pk": 117, "fields": {"action_time": "2018-09-09T12:50:13.055Z", "user": 1, "content_type": 12, "object_id": "30", "object_repr": "N\u00f3 30-EXERCICIO PRATICO", "action_flag": 1, "change_message": "[{\"added\": {}}]"}}, {"model": "admin.logentry", "pk": 118, "fields": {"action_time": "2018-09-09T12:50:31.284Z", "user": 1, "content_type": 12, "object_id": "31", "object_repr": "N\u00f3 31-EXERCICIO PRATICO", "action_flag": 1, "change_message": "[{\"added\": {}}]"}}, {"model": "admin.logentry", "pk": 119, "fields": {"action_time": "2018-09-09T12:50:51.786Z", "user": 1, "content_type": 12, "object_id": "32", "object_repr": "N\u00f3 32-EXERCICIO PRATICO", "action_flag": 1, "change_message": "[{\"added\": {}}]"}}, {"model": "admin.logentry", "pk": 120, "fields": {"action_time": "2018-09-09T12:51:11.869Z", "user": 1, "content_type": 10, "object_id": "8", "object_repr": "Avalia\u00e7\u00e3o", "action_flag": 1, "change_message": "[{\"added\": {}}]"}}, {"model": "admin.logentry", "pk": 121, "fields": {"action_time": "2018-09-09T12:51:34.717Z", "user": 1, "content_type": 10, "object_id": "8", "object_repr": "AVALIA\u00c7\u00c3O", "action_flag": 2, "change_message": "[{\"changed\": {\"fields\": [\"name\"]}}]"}}, {"model": "admin.logentry", "pk": 122, "fields": {"action_time": "2018-09-09T12:51:53.820Z", "user": 1, "content_type": 12, "object_id": "33", "object_repr": "N\u00f3 33-AVALIA\u00c7\u00c3O", "action_flag": 1, "change_message": "[{\"added\": {}}]"}}, {"model": "admin.logentry", "pk": 123, "fields": {"action_time": "2018-09-09T12:52:11.702Z", "user": 1, "content_type": 12, "object_id": "34", "object_repr": "N\u00f3 34-EXERCICIO PRATICO", "action_flag": 1, "change_message": "[{\"added\": {}}]"}}, {"model": "admin.logentry", "pk": 124, "fields": {"action_time": "2018-09-09T12:52:36.572Z", "user": 1, "content_type": 12, "object_id": "35", "object_repr": "N\u00f3 35-AVALIA\u00c7\u00c3O", "action_flag": 1, "change_message": "[{\"added\": {}}]"}}, {"model": "admin.logentry", "pk": 125, "fields": {"action_time": "2018-09-09T12:52:54.938Z", "user": 1, "content_type": 12, "object_id": "36", "object_repr": "N\u00f3 36-AVALIA\u00c7\u00c3O", "action_flag": 1, "change_message": "[{\"added\": {}}]"}}, {"model": "admin.logentry", "pk": 126, "fields": {"action_time": "2018-09-09T12:53:12.092Z", "user": 1, "content_type": 12, "object_id": "37", "object_repr": "N\u00f3 37-AVALIA\u00c7\u00c3O", "action_flag": 1, "change_message": "[{\"added\": {}}]"}}, {"model": "admin.logentry", "pk": 127, "fields": {"action_time": "2018-09-09T12:53:41.172Z", "user": 1, "content_type": 12, "object_id": "38", "object_repr": "N\u00f3 38-AVALIA\u00c7\u00c3O", "action_flag": 1, "change_message": "[{\"added\": {}}]"}}, {"model": "admin.logentry", "pk": 128, "fields": {"action_time": "2018-09-09T12:53:54.993Z", "user": 1, "content_type": 12, "object_id": "39", "object_repr": "N\u00f3 39-AVALIA\u00c7\u00c3O", "action_flag": 1, "change_message": "[{\"added\": {}}]"}}, {"model": "admin.logentry", "pk": 129, "fields": {"action_time": "2018-09-09T12:54:13.495Z", "user": 1, "content_type": 12, "object_id": "40", "object_repr": "N\u00f3 40-AVALIA\u00c7\u00c3O", "action_flag": 1, "change_message": "[{\"added\": {}}]"}}, {"model": "admin.logentry", "pk": 130, "fields": {"action_time": "2018-09-09T12:54:28.817Z", "user": 1, "content_type": 12, "object_id": "41", "object_repr": "N\u00f3 41-AVALIA\u00c7\u00c3O", "action_flag": 1, "change_message": "[{\"added\": {}}]"}}, {"model": "admin.logentry", "pk": 131, "fields": {"action_time": "2018-09-09T12:54:46.094Z", "user": 1, "content_type": 12, "object_id": "42", "object_repr": "N\u00f3 42-AVALIA\u00c7\u00c3O", "action_flag": 1, "change_message": "[{\"added\": {}}]"}}, {"model": "admin.logentry", "pk": 132, "fields": {"action_time": "2018-09-09T12:56:40.840Z", "user": 1, "content_type": 12, "object_id": "43", "object_repr": "N\u00f3 43-AVALIA\u00c7\u00c3O", "action_flag": 1, "change_message": "[{\"added\": {}}]"}}, {"model": "admin.logentry", "pk": 133, "fields": {"action_time": "2018-09-09T12:56:56.026Z", "user": 1, "content_type": 12, "object_id": "44", "object_repr": "N\u00f3 44-AVALIA\u00c7\u00c3O", "action_flag": 1, "change_message": "[{\"added\": {}}]"}}, {"model": "admin.logentry", "pk": 134, "fields": {"action_time": "2018-09-09T12:57:21.186Z", "user": 1, "content_type": 12, "object_id": "45", "object_repr": "N\u00f3 45-AVALIA\u00c7\u00c3O", "action_flag": 1, "change_message": "[{\"added\": {}}]"}}, {"model": "admin.logentry", "pk": 135, "fields": {"action_time": "2018-09-09T12:57:57.487Z", "user": 1, "content_type": 12, "object_id": "46", "object_repr": "N\u00f3 46-AVALIA\u00c7\u00c3O", "action_flag": 1, "change_message": "[{\"added\": {}}]"}}, {"model": "admin.logentry", "pk": 136, "fields": {"action_time": "2018-09-09T12:58:16.288Z", "user": 1, "content_type": 12, "object_id": "47", "object_repr": "N\u00f3 47-AVALIA\u00c7\u00c3O", "action_flag": 1, "change_message": "[{\"added\": {}}]"}}, {"model": "admin.logentry", "pk": 137, "fields": {"action_time": "2018-09-09T12:58:33.182Z", "user": 1, "content_type": 12, "object_id": "37", "object_repr": "N\u00f3 37-AVALIA\u00c7\u00c3O", "action_flag": 2, "change_message": "[{\"changed\": {\"fields\": [\"node_end\"]}}]"}}, {"model": "admin.logentry", "pk": 138, "fields": {"action_time": "2018-09-09T12:58:40.097Z", "user": 1, "content_type": 12, "object_id": "40", "object_repr": "N\u00f3 40-AVALIA\u00c7\u00c3O", "action_flag": 2, "change_message": "[{\"changed\": {\"fields\": [\"node_end\"]}}]"}}, {"model": "admin.logentry", "pk": 139, "fields": {"action_time": "2018-09-09T12:58:49.408Z", "user": 1, "content_type": 12, "object_id": "41", "object_repr": "N\u00f3 41-AVALIA\u00c7\u00c3O", "action_flag": 2, "change_message": "[{\"changed\": {\"fields\": [\"node_end\"]}}]"}}, {"model": "admin.logentry", "pk": 140, "fields": {"action_time": "2018-09-09T12:58:56.495Z", "user": 1, "content_type": 12, "object_id": "43", "object_repr": "N\u00f3 43-AVALIA\u00c7\u00c3O", "action_flag": 2, "change_message": "[{\"changed\": {\"fields\": [\"node_end\"]}}]"}}, {"model": "admin.logentry", "pk": 141, "fields": {"action_time": "2018-09-09T12:59:02.752Z", "user": 1, "content_type": 12, "object_id": "44", "object_repr": "N\u00f3 44-AVALIA\u00c7\u00c3O", "action_flag": 2, "change_message": "[{\"changed\": {\"fields\": [\"node_end\"]}}]"}}, {"model": "admin.logentry", "pk": 142, "fields": {"action_time": "2018-09-09T13:05:52.853Z", "user": 1, "content_type": 7, "object_id": "1", "object_repr": "Turma 1", "action_flag": 2, "change_message": "[{\"changed\": {\"fields\": [\"course\"]}}]"}}, {"model": "admin.logentry", "pk": 143, "fields": {"action_time": "2018-09-09T13:31:44.586Z", "user": 1, "content_type": 12, "object_id": "1", "object_repr": "N\u00f3 1-LER MANUAL DE CONFIGURA\u00c7\u00c3O", "action_flag": 2, "change_message": "[{\"changed\": {\"fields\": [\"node_start\"]}}]"}}, {"model": "admin.logentry", "pk": 144, "fields": {"action_time": "2018-09-09T16:25:45.699Z", "user": 1, "content_type": 12, "object_id": "1", "object_repr": "N\u00f3 1-LER MANUAL DE CONFIGURA\u00c7\u00c3O", "action_flag": 2, "change_message": "[{\"changed\": {\"fields\": [\"depth\"]}}]"}}, {"model": "admin.logentry", "pk": 145, "fields": {"action_time": "2018-09-09T16:26:15.074Z", "user": 1, "content_type": 12, "object_id": "2", "object_repr": "N\u00f3 2-CONFIGURAR AMBIENTE", "action_flag": 2, "change_message": "[{\"changed\": {\"fields\": [\"depth\"]}}]"}}, {"model": "admin.logentry", "pk": 146, "fields": {"action_time": "2018-09-09T16:27:29.562Z", "user": 1, "content_type": 12, "object_id": "3", "object_repr": "N\u00f3 3-ASSISTIR VIDEO AULA", "action_flag": 2, "change_message": "[{\"changed\": {\"fields\": [\"depth\"]}}]"}}, {"model": "admin.logentry", "pk": 147, "fields": {"action_time": "2018-09-09T16:28:40.462Z", "user": 1, "content_type": 12, "object_id": "4", "object_repr": "N\u00f3 4-LER MATERIAL DE APOIO", "action_flag": 2, "change_message": "[{\"changed\": {\"fields\": [\"depth\"]}}]"}}, {"model": "admin.logentry", "pk": 148, "fields": {"action_time": "2018-09-09T16:28:53.005Z", "user": 1, "content_type": 12, "object_id": "5", "object_repr": "N\u00f3 5-LER MATERIAL DE APOIO", "action_flag": 2, "change_message": "[{\"changed\": {\"fields\": [\"depth\"]}}]"}}, {"model": "admin.logentry", "pk": 149, "fields": {"action_time": "2018-09-09T16:35:27.367Z", "user": 1, "content_type": 12, "object_id": "6", "object_repr": "N\u00f3 6-LER MATERIAL DE APOIO", "action_flag": 2, "change_message": "[{\"changed\": {\"fields\": [\"depth\"]}}]"}}, {"model": "admin.logentry", "pk": 150, "fields": {"action_time": "2018-09-09T16:35:52.842Z", "user": 1, "content_type": 12, "object_id": "7", "object_repr": "N\u00f3 7-ASSISTIR VIDEO AULA", "action_flag": 2, "change_message": "[{\"changed\": {\"fields\": [\"depth\"]}}]"}}, {"model": "admin.logentry", "pk": 151, "fields": {"action_time": "2018-09-09T16:39:24.628Z", "user": 1, "content_type": 12, "object_id": "8", "object_repr": "N\u00f3 8-EXERCICIO PRATICO", "action_flag": 2, "change_message": "[{\"changed\": {\"fields\": [\"depth\"]}}]"}}, {"model": "admin.logentry", "pk": 152, "fields": {"action_time": "2018-09-09T16:39:39.462Z", "user": 1, "content_type": 12, "object_id": "10", "object_repr": "N\u00f3 10-EXERCICIO PRATICO", "action_flag": 2, "change_message": "[{\"changed\": {\"fields\": [\"depth\"]}}]"}}, {"model": "admin.logentry", "pk": 153, "fields": {"action_time": "2018-09-09T16:39:47.312Z", "user": 1, "content_type": 12, "object_id": "9", "object_repr": "N\u00f3 9-EXERCICIO PRATICO", "action_flag": 2, "change_message": "[{\"changed\": {\"fields\": [\"depth\"]}}]"}}, {"model": "admin.logentry", "pk": 154, "fields": {"action_time": "2018-09-09T16:39:57.573Z", "user": 1, "content_type": 12, "object_id": "11", "object_repr": "N\u00f3 11-EXERCICIO PRATICO", "action_flag": 2, "change_message": "[{\"changed\": {\"fields\": [\"depth\"]}}]"}}, {"model": "admin.logentry", "pk": 155, "fields": {"action_time": "2018-09-09T16:40:08.710Z", "user": 1, "content_type": 12, "object_id": "12", "object_repr": "N\u00f3 12-LER MATERIAL DE APOIO", "action_flag": 2, "change_message": "[{\"changed\": {\"fields\": [\"depth\"]}}]"}}, {"model": "admin.logentry", "pk": 156, "fields": {"action_time": "2018-09-09T16:40:20.416Z", "user": 1, "content_type": 12, "object_id": "13", "object_repr": "N\u00f3 13-ASSISTIR VIDEO AULA", "action_flag": 2, "change_message": "[{\"changed\": {\"fields\": [\"depth\"]}}]"}}, {"model": "admin.logentry", "pk": 157, "fields": {"action_time": "2018-09-09T16:40:50.114Z", "user": 1, "content_type": 12, "object_id": "14", "object_repr": "N\u00f3 14-LER MATERIAL DE APOIO", "action_flag": 2, "change_message": "[{\"changed\": {\"fields\": [\"depth\"]}}]"}}, {"model": "admin.logentry", "pk": 158, "fields": {"action_time": "2018-09-09T16:40:58.192Z", "user": 1, "content_type": 12, "object_id": "15", "object_repr": "N\u00f3 15-ASSISTIR VIDEO AULA", "action_flag": 2, "change_message": "[{\"changed\": {\"fields\": [\"depth\"]}}]"}}, {"model": "admin.logentry", "pk": 159, "fields": {"action_time": "2018-09-09T16:41:05.940Z", "user": 1, "content_type": 12, "object_id": "16", "object_repr": "N\u00f3 16-LER MATERIAL DE APOIO", "action_flag": 2, "change_message": "[{\"changed\": {\"fields\": [\"depth\"]}}]"}}, {"model": "admin.logentry", "pk": 160, "fields": {"action_time": "2018-09-09T16:41:18.097Z", "user": 1, "content_type": 12, "object_id": "17", "object_repr": "N\u00f3 17-LER MATERIAL DE APOIO", "action_flag": 2, "change_message": "[{\"changed\": {\"fields\": [\"depth\"]}}]"}}, {"model": "admin.logentry", "pk": 161, "fields": {"action_time": "2018-09-09T16:41:25.965Z", "user": 1, "content_type": 12, "object_id": "18", "object_repr": "N\u00f3 18-ASSISTIR VIDEO AULA", "action_flag": 2, "change_message": "[{\"changed\": {\"fields\": [\"depth\"]}}]"}}, {"model": "admin.logentry", "pk": 162, "fields": {"action_time": "2018-09-09T16:41:35.078Z", "user": 1, "content_type": 12, "object_id": "19", "object_repr": "N\u00f3 19-ASSISTIR VIDEO AULA", "action_flag": 2, "change_message": "[{\"changed\": {\"fields\": [\"depth\"]}}]"}}, {"model": "admin.logentry", "pk": 163, "fields": {"action_time": "2018-09-09T16:41:42.878Z", "user": 1, "content_type": 12, "object_id": "20", "object_repr": "N\u00f3 20-LER MATERIAL DE APOIO", "action_flag": 2, "change_message": "[{\"changed\": {\"fields\": [\"depth\"]}}]"}}, {"model": "admin.logentry", "pk": 164, "fields": {"action_time": "2018-09-09T16:42:07.224Z", "user": 1, "content_type": 12, "object_id": "21", "object_repr": "N\u00f3 21-ASSISTIR VIDEO AULA", "action_flag": 2, "change_message": "[{\"changed\": {\"fields\": [\"depth\"]}}]"}}, {"model": "admin.logentry", "pk": 165, "fields": {"action_time": "2018-09-09T16:42:22.515Z", "user": 1, "content_type": 12, "object_id": "22", "object_repr": "N\u00f3 22-EXERCICIO PRATICO", "action_flag": 2, "change_message": "[{\"changed\": {\"fields\": [\"depth\"]}}]"}}, {"model": "admin.logentry", "pk": 166, "fields": {"action_time": "2018-09-09T16:42:49.281Z", "user": 1, "content_type": 12, "object_id": "23", "object_repr": "N\u00f3 23-ASSISTIR VIDEO AULA", "action_flag": 2, "change_message": "[{\"changed\": {\"fields\": [\"depth\"]}}]"}}, {"model": "admin.logentry", "pk": 167, "fields": {"action_time": "2018-09-09T16:43:08.138Z", "user": 1, "content_type": 12, "object_id": "24", "object_repr": "N\u00f3 24-ASSISTIR VIDEO AULA", "action_flag": 2, "change_message": "[{\"changed\": {\"fields\": [\"depth\"]}}]"}}, {"model": "admin.logentry", "pk": 168, "fields": {"action_time": "2018-09-09T16:43:17.995Z", "user": 1, "content_type": 12, "object_id": "25", "object_repr": "N\u00f3 25-EXERCICIO PRATICO", "action_flag": 2, "change_message": "[{\"changed\": {\"fields\": [\"depth\"]}}]"}}, {"model": "admin.logentry", "pk": 169, "fields": {"action_time": "2018-09-09T16:43:29.687Z", "user": 1, "content_type": 12, "object_id": "26", "object_repr": "N\u00f3 26-LER MATERIAL DE APOIO", "action_flag": 2, "change_message": "[{\"changed\": {\"fields\": [\"depth\"]}}]"}}, {"model": "admin.logentry", "pk": 170, "fields": {"action_time": "2018-09-09T16:43:37.486Z", "user": 1, "content_type": 12, "object_id": "27", "object_repr": "N\u00f3 27-EXERCICIO PRATICO", "action_flag": 2, "change_message": "[{\"changed\": {\"fields\": [\"depth\"]}}]"}}, {"model": "admin.logentry", "pk": 171, "fields": {"action_time": "2018-09-09T16:43:45.121Z", "user": 1, "content_type": 12, "object_id": "28", "object_repr": "N\u00f3 28-EXERCICIO PRATICO", "action_flag": 2, "change_message": "[{\"changed\": {\"fields\": [\"depth\"]}}]"}}, {"model": "admin.logentry", "pk": 172, "fields": {"action_time": "2018-09-09T16:44:21.067Z", "user": 1, "content_type": 12, "object_id": "29", "object_repr": "N\u00f3 29-EXERCICIO PRATICO", "action_flag": 2, "change_message": "[{\"changed\": {\"fields\": [\"depth\"]}}]"}}, {"model": "admin.logentry", "pk": 173, "fields": {"action_time": "2018-09-09T16:44:28.418Z", "user": 1, "content_type": 12, "object_id": "30", "object_repr": "N\u00f3 30-EXERCICIO PRATICO", "action_flag": 2, "change_message": "[{\"changed\": {\"fields\": [\"depth\"]}}]"}}, {"model": "admin.logentry", "pk": 174, "fields": {"action_time": "2018-09-09T16:44:36.199Z", "user": 1, "content_type": 12, "object_id": "31", "object_repr": "N\u00f3 31-EXERCICIO PRATICO", "action_flag": 2, "change_message": "[{\"changed\": {\"fields\": [\"depth\"]}}]"}}, {"model": "admin.logentry", "pk": 175, "fields": {"action_time": "2018-09-09T16:44:44.777Z", "user": 1, "content_type": 12, "object_id": "32", "object_repr": "N\u00f3 32-EXERCICIO PRATICO", "action_flag": 2, "change_message": "[{\"changed\": {\"fields\": [\"depth\"]}}]"}}, {"model": "admin.logentry", "pk": 176, "fields": {"action_time": "2018-09-09T16:44:51.155Z", "user": 1, "content_type": 12, "object_id": "33", "object_repr": "N\u00f3 33-AVALIA\u00c7\u00c3O", "action_flag": 2, "change_message": "[{\"changed\": {\"fields\": [\"depth\"]}}]"}}, {"model": "admin.logentry", "pk": 177, "fields": {"action_time": "2018-09-09T16:44:59.442Z", "user": 1, "content_type": 12, "object_id": "34", "object_repr": "N\u00f3 34-EXERCICIO PRATICO", "action_flag": 2, "change_message": "[{\"changed\": {\"fields\": [\"depth\"]}}]"}}, {"model": "admin.logentry", "pk": 178, "fields": {"action_time": "2018-09-09T16:45:05.289Z", "user": 1, "content_type": 12, "object_id": "35", "object_repr": "N\u00f3 35-AVALIA\u00c7\u00c3O", "action_flag": 2, "change_message": "[{\"changed\": {\"fields\": [\"depth\"]}}]"}}, {"model": "admin.logentry", "pk": 179, "fields": {"action_time": "2018-09-09T16:45:11.523Z", "user": 1, "content_type": 12, "object_id": "36", "object_repr": "N\u00f3 36-AVALIA\u00c7\u00c3O", "action_flag": 2, "change_message": "[{\"changed\": {\"fields\": [\"depth\"]}}]"}}, {"model": "admin.logentry", "pk": 180, "fields": {"action_time": "2018-09-09T16:45:23.829Z", "user": 1, "content_type": 12, "object_id": "37", "object_repr": "N\u00f3 37-AVALIA\u00c7\u00c3O", "action_flag": 2, "change_message": "[{\"changed\": {\"fields\": [\"depth\"]}}]"}}, {"model": "admin.logentry", "pk": 181, "fields": {"action_time": "2018-09-09T16:45:30.638Z", "user": 1, "content_type": 12, "object_id": "38", "object_repr": "N\u00f3 38-AVALIA\u00c7\u00c3O", "action_flag": 2, "change_message": "[{\"changed\": {\"fields\": [\"depth\"]}}]"}}, {"model": "admin.logentry", "pk": 182, "fields": {"action_time": "2018-09-09T16:45:37.669Z", "user": 1, "content_type": 12, "object_id": "39", "object_repr": "N\u00f3 39-AVALIA\u00c7\u00c3O", "action_flag": 2, "change_message": "[{\"changed\": {\"fields\": [\"depth\"]}}]"}}, {"model": "admin.logentry", "pk": 183, "fields": {"action_time": "2018-09-09T16:45:47.770Z", "user": 1, "content_type": 12, "object_id": "40", "object_repr": "N\u00f3 40-AVALIA\u00c7\u00c3O", "action_flag": 2, "change_message": "[{\"changed\": {\"fields\": [\"depth\"]}}]"}}, {"model": "admin.logentry", "pk": 184, "fields": {"action_time": "2018-09-09T16:45:53.474Z", "user": 1, "content_type": 12, "object_id": "41", "object_repr": "N\u00f3 41-AVALIA\u00c7\u00c3O", "action_flag": 2, "change_message": "[{\"changed\": {\"fields\": [\"depth\"]}}]"}}, {"model": "admin.logentry", "pk": 185, "fields": {"action_time": "2018-09-09T16:45:59.467Z", "user": 1, "content_type": 12, "object_id": "42", "object_repr": "N\u00f3 42-AVALIA\u00c7\u00c3O", "action_flag": 2, "change_message": "[{\"changed\": {\"fields\": [\"depth\"]}}]"}}, {"model": "admin.logentry", "pk": 186, "fields": {"action_time": "2018-09-09T16:46:05.227Z", "user": 1, "content_type": 12, "object_id": "43", "object_repr": "N\u00f3 43-AVALIA\u00c7\u00c3O", "action_flag": 2, "change_message": "[{\"changed\": {\"fields\": [\"depth\"]}}]"}}, {"model": "admin.logentry", "pk": 187, "fields": {"action_time": "2018-09-09T16:46:10.957Z", "user": 1, "content_type": 12, "object_id": "44", "object_repr": "N\u00f3 44-AVALIA\u00c7\u00c3O", "action_flag": 2, "change_message": "[{\"changed\": {\"fields\": [\"depth\"]}}]"}}, {"model": "admin.logentry", "pk": 188, "fields": {"action_time": "2018-09-09T16:46:18.452Z", "user": 1, "content_type": 12, "object_id": "45", "object_repr": "N\u00f3 45-AVALIA\u00c7\u00c3O", "action_flag": 2, "change_message": "[{\"changed\": {\"fields\": [\"depth\"]}}]"}}, {"model": "admin.logentry", "pk": 189, "fields": {"action_time": "2018-09-09T16:46:25.090Z", "user": 1, "content_type": 12, "object_id": "46", "object_repr": "N\u00f3 46-AVALIA\u00c7\u00c3O", "action_flag": 2, "change_message": "[{\"changed\": {\"fields\": [\"depth\"]}}]"}}, {"model": "admin.logentry", "pk": 190, "fields": {"action_time": "2018-09-09T16:46:30.327Z", "user": 1, "content_type": 12, "object_id": "47", "object_repr": "N\u00f3 47-AVALIA\u00c7\u00c3O", "action_flag": 2, "change_message": "[{\"changed\": {\"fields\": [\"depth\"]}}]"}}, {"model": "admin.logentry", "pk": 191, "fields": {"action_time": "2018-09-09T19:41:25.750Z", "user": 1, "content_type": 12, "object_id": "1", "object_repr": "N\u00f3 1-LER MANUAL DE CONFIGURA\u00c7\u00c3O", "action_flag": 2, "change_message": "[{\"added\": {\"object\": \"StudentInformations object (1)\", \"name\": \"student informations\"}}, {\"added\": {\"object\": \"StudentInformations object (2)\", \"name\": \"student informations\"}}, {\"added\": {\"object\": \"StudentInformations object (3)\", \"name\": \"student informations\"}}, {\"added\": {\"object\": \"StudentInformations object (4)\", \"name\": \"student informations\"}}]"}}, {"model": "admin.logentry", "pk": 192, "fields": {"action_time": "2018-09-12T01:01:46.024Z", "user": 1, "content_type": 12, "object_id": "4", "object_repr": "N\u00f3 4-LER MATERIAL DE APOIO", "action_flag": 2, "change_message": "[{\"changed\": {\"fields\": [\"color_representation\"]}}]"}}, {"model": "admin.logentry", "pk": 193, "fields": {"action_time": "2018-09-12T01:02:03.000Z", "user": 1, "content_type": 12, "object_id": "4", "object_repr": "N\u00f3 4-LER MATERIAL DE APOIO", "action_flag": 2, "change_message": "[{\"changed\": {\"fields\": [\"color_representation\"]}}]"}}, {"model": "admin.logentry", "pk": 194, "fields": {"action_time": "2018-09-13T23:16:40.348Z", "user": 1, "content_type": 12, "object_id": "1", "object_repr": "N\u00f3 1-LER MANUAL DE CONFIGURA\u00c7\u00c3O", "action_flag": 2, "change_message": "[{\"changed\": {\"fields\": [\"color_representation\"]}}]"}}, {"model": "admin.logentry", "pk": 195, "fields": {"action_time": "2018-09-14T02:33:50.429Z", "user": 1, "content_type": 12, "object_id": "1", "object_repr": "N\u00f3 1-LER MANUAL DE CONFIGURA\u00c7\u00c3O", "action_flag": 2, "change_message": "[{\"changed\": {\"name\": \"student informations\", \"fields\": [\"notes\"], \"object\": \"StudentInformations object (1)\"}}, {\"changed\": {\"name\": \"student informations\", \"fields\": [\"notes\"], \"object\": \"StudentInformations object (2)\"}}, {\"changed\": {\"name\": \"student informations\", \"fields\": [\"notes\"], \"object\": \"StudentInformations object (3)\"}}, {\"changed\": {\"name\": \"student informations\", \"fields\": [\"notes\"], \"object\": \"StudentInformations object (4)\"}}]"}}, {"model": "admin.logentry", "pk": 196, "fields": {"action_time": "2018-09-14T02:35:06.089Z", "user": 1, "content_type": 12, "object_id": "1", "object_repr": "N\u00f3 1-LER MANUAL DE CONFIGURA\u00c7\u00c3O", "action_flag": 2, "change_message": "[{\"changed\": {\"name\": \"student informations\", \"fields\": [\"notes\"], \"object\": \"StudentInformations object (2)\"}}, {\"changed\": {\"name\": \"student informations\", \"fields\": [\"notes\"], \"object\": \"StudentInformations object (3)\"}}, {\"changed\": {\"name\": \"student informations\", \"fields\": [\"notes\"], \"object\": \"StudentInformations object (4)\"}}]"}}, {"model": "admin.logentry", "pk": 197, "fields": {"action_time": "2018-09-14T02:37:19.293Z", "user": 1, "content_type": 12, "object_id": "1", "object_repr": "N\u00f3 1-LER MANUAL DE CONFIGURA\u00c7\u00c3O", "action_flag": 2, "change_message": "[{\"changed\": {\"name\": \"student informations\", \"fields\": [\"notes\"], \"object\": \"StudentInformations object (1)\"}}, {\"changed\": {\"name\": \"student informations\", \"fields\": [\"notes\"], \"object\": \"StudentInformations object (3)\"}}]"}}, {"model": "admin.logentry", "pk": 198, "fields": {"action_time": "2018-09-14T02:37:58.384Z", "user": 1, "content_type": 12, "object_id": "2", "object_repr": "N\u00f3 2-CONFIGURAR AMBIENTE", "action_flag": 2, "change_message": "[{\"added\": {\"name\": \"student informations\", \"object\": \"StudentInformations object (5)\"}}, {\"added\": {\"name\": \"student informations\", \"object\": \"StudentInformations object (6)\"}}]"}}, {"model": "admin.logentry", "pk": 199, "fields": {"action_time": "2018-09-14T02:41:59.910Z", "user": 1, "content_type": 12, "object_id": "2", "object_repr": "N\u00f3 2-CONFIGURAR AMBIENTE", "action_flag": 2, "change_message": "[]"}}, {"model": "admin.logentry", "pk": 200, "fields": {"action_time": "2018-09-14T02:42:39.699Z", "user": 1, "content_type": 12, "object_id": "3", "object_repr": "N\u00f3 3-ASSISTIR VIDEO AULA", "action_flag": 2, "change_message": "[{\"added\": {\"name\": \"student informations\", \"object\": \"StudentInformations object (7)\"}}]"}}, {"model": "admin.logentry", "pk": 201, "fields": {"action_time": "2018-09-14T02:43:12.438Z", "user": 1, "content_type": 12, "object_id": "4", "object_repr": "N\u00f3 4-LER MATERIAL DE APOIO", "action_flag": 2, "change_message": "[{\"added\": {\"name\": \"student informations\", \"object\": \"StudentInformations object (8)\"}}]"}}, {"model": "admin.logentry", "pk": 202, "fields": {"action_time": "2018-09-14T02:47:52.860Z", "user": 1, "content_type": 12, "object_id": "3", "object_repr": "N\u00f3 3-ASSISTIR VIDEO AULA", "action_flag": 2, "change_message": "[{\"changed\": {\"name\": \"student informations\", \"fields\": [\"notes\"], \"object\": \"StudentInformations object (7)\"}}]"}}, {"model": "admin.logentry", "pk": 203, "fields": {"action_time": "2018-09-20T02:37:10.612Z", "user": 1, "content_type": 8, "object_id": "5", "object_repr": "ALUNO 5", "action_flag": 2, "change_message": "[{\"changed\": {\"fields\": [\"color_blind\"]}}]"}}, {"model": "admin.logentry", "pk": 204, "fields": {"action_time": "2018-09-20T03:33:32.806Z", "user": 1, "content_type": 8, "object_id": "4", "object_repr": "ALUNO 4", "action_flag": 2, "change_message": "[{\"changed\": {\"fields\": [\"sex\"]}}]"}}, {"model": "admin.logentry", "pk": 205, "fields": {"action_time": "2018-09-20T03:35:12.213Z", "user": 1, "content_type": 8, "object_id": "3", "object_repr": "ALUNO 3", "action_flag": 2, "change_message": "[{\"changed\": {\"fields\": [\"color_blind\"]}}]"}}, {"model": "admin.logentry", "pk": 206, "fields": {"action_time": "2018-09-20T03:49:51.108Z", "user": 1, "content_type": 8, "object_id": "2", "object_repr": "ALUNO 2", "action_flag": 2, "change_message": "[{\"changed\": {\"fields\": [\"civil_status\"]}}]"}}, {"model": "admin.logentry", "pk": 207, "fields": {"action_time": "2018-09-20T04:19:34.134Z", "user": 1, "content_type": 8, "object_id": "2", "object_repr": "ALUNO 2", "action_flag": 2, "change_message": "[{\"changed\": {\"fields\": [\"ager\"]}}]"}}, {"model": "admin.logentry", "pk": 208, "fields": {"action_time": "2018-09-20T18:13:13.859Z", "user": 1, "content_type": 12, "object_id": "5", "object_repr": "N\u00f3 5-LER MATERIAL DE APOIO", "action_flag": 2, "change_message": "[{\"changed\": {\"fields\": [\"node_end\"]}}]"}}, {"model": "admin.logentry", "pk": 209, "fields": {"action_time": "2018-09-20T18:13:40.462Z", "user": 1, "content_type": 12, "object_id": "5", "object_repr": "N\u00f3 5-LER MATERIAL DE APOIO", "action_flag": 2, "change_message": "[{\"changed\": {\"fields\": [\"node_end\"]}}]"}}, {"model": "admin.logentry", "pk": 210, "fields": {"action_time": "2018-09-20T18:13:51.772Z", "user": 1, "content_type": 12, "object_id": "3", "object_repr": "N\u00f3 3-ASSISTIR VIDEO AULA", "action_flag": 2, "change_message": "[{\"changed\": {\"fields\": [\"node_end\"]}}]"}}, {"model": "admin.logentry", "pk": 211, "fields": {"action_time": "2018-09-20T18:18:40.451Z", "user": 1, "content_type": 12, "object_id": "3", "object_repr": "N\u00f3 3-ASSISTIR VIDEO AULA", "action_flag": 2, "change_message": "[{\"changed\": {\"fields\": [\"node_end\"]}}]"}}, {"model": "admin.logentry", "pk": 212, "fields": {"action_time": "2018-09-22T00:59:38.949Z", "user": 1, "content_type": 12, "object_id": "3", "object_repr": "N\u00f3 3-ASSISTIR VIDEO AULA", "action_flag": 2, "change_message": "[{\"changed\": {\"fields\": [\"evaluated\"]}}]"}}, {"model": "admin.logentry", "pk": 213, "fields": {"action_time": "2018-09-22T01:01:49.447Z", "user": 1, "content_type": 12, "object_id": "3", "object_repr": "N\u00f3 3-ASSISTIR VIDEO AULA", "action_flag": 2, "change_message": "[{\"changed\": {\"fields\": [\"evaluated\"]}}]"}}, {"model": "admin.logentry", "pk": 214, "fields": {"action_time": "2018-09-22T01:01:58.279Z", "user": 1, "content_type": 12, "object_id": "2", "object_repr": "N\u00f3 2-CONFIGURAR AMBIENTE", "action_flag": 2, "change_message": "[{\"changed\": {\"fields\": [\"evaluated\"]}}]"}}, {"model": "admin.logentry", "pk": 215, "fields": {"action_time": "2018-09-22T01:09:12.046Z", "user": 1, "content_type": 12, "object_id": "3", "object_repr": "N\u00f3 3-ASSISTIR VIDEO AULA", "action_flag": 2, "change_message": "[{\"changed\": {\"fields\": [\"evaluated\"]}}]"}}, {"model": "admin.logentry", "pk": 216, "fields": {"action_time": "2018-09-22T01:12:42.933Z", "user": 1, "content_type": 12, "object_id": "3", "object_repr": "N\u00f3 3-ASSISTIR VIDEO AULA", "action_flag": 2, "change_message": "[{\"changed\": {\"fields\": [\"evaluated\"]}}]"}}, {"model": "admin.logentry", "pk": 217, "fields": {"action_time": "2018-09-22T01:13:21.873Z", "user": 1, "content_type": 12, "object_id": "2", "object_repr": "N\u00f3 2-CONFIGURAR AMBIENTE", "action_flag": 2, "change_message": "[{\"changed\": {\"fields\": [\"evaluated\"]}}]"}}, {"model": "admin.logentry", "pk": 218, "fields": {"action_time": "2018-10-15T22:24:31.915Z", "user": 1, "content_type": 15, "object_id": "2", "object_repr": "z", "action_flag": 1, "change_message": "[{\"added\": {}}]"}}, {"model": "admin.logentry", "pk": 219, "fields": {"action_time": "2018-10-15T22:27:14.388Z", "user": 1, "content_type": 4, "object_id": "2", "object_repr": "z", "action_flag": 3, "change_message": ""}}, {"model": "admin.logentry", "pk": 220, "fields": {"action_time": "2018-10-15T22:27:35.591Z", "user": 1, "content_type": 4, "object_id": "3", "object_repr": "professor", "action_flag": 1, "change_message": "[{\"added\": {}}]"}}, {"model": "admin.logentry", "pk": 221, "fields": {"action_time": "2018-10-16T01:24:26.204Z", "user": 1, "content_type": 12, "object_id": "1", "object_repr": "N\u00f3 1-LER MANUAL DE CONFIGURA\u00c7\u00c3O", "action_flag": 2, "change_message": "[{\"changed\": {\"fields\": [\"start_activity\", \"end_activity\"], \"object\": \"StudentInformations object (1)\", \"name\": \"student informations\"}}]"}}, {"model": "admin.logentry", "pk": 222, "fields": {"action_time": "2018-10-16T01:25:22.014Z", "user": 1, "content_type": 12, "object_id": "2", "object_repr": "N\u00f3 2-CONFIGURAR AMBIENTE", "action_flag": 2, "change_message": "[{\"changed\": {\"fields\": [\"start_activity\", \"end_activity\"], \"object\": \"StudentInformations object (5)\", \"name\": \"student informations\"}}]"}}, {"model": "admin.logentry", "pk": 223, "fields": {"action_time": "2018-10-16T01:25:33.997Z", "user": 1, "content_type": 12, "object_id": "1", "object_repr": "N\u00f3 1-LER MANUAL DE CONFIGURA\u00c7\u00c3O", "action_flag": 2, "change_message": "[{\"changed\": {\"fields\": [\"end_activity\"], \"object\": \"StudentInformations object (1)\", \"name\": \"student informations\"}}]"}}, {"model": "admin.logentry", "pk": 224, "fields": {"action_time": "2018-10-16T01:25:49.154Z", "user": 1, "content_type": 12, "object_id": "3", "object_repr": "N\u00f3 3-ASSISTIR VIDEO AULA", "action_flag": 2, "change_message": "[{\"changed\": {\"fields\": [\"start_activity\", \"end_activity\"], \"object\": \"StudentInformations object (7)\", \"name\": \"student informations\"}}]"}}, {"model": "admin.logentry", "pk": 225, "fields": {"action_time": "2018-10-17T01:08:26.882Z", "user": 1, "content_type": 12, "object_id": "3", "object_repr": "N\u00f3 3-ASSISTIR VIDEO AULA", "action_flag": 2, "change_message": "[{\"changed\": {\"name\": \"student informations\", \"fields\": [\"start_activity\", \"end_activity\"], \"object\": \"StudentInformations object (7)\"}}]"}}, {"model": "admin.logentry", "pk": 226, "fields": {"action_time": "2018-10-17T01:23:35.917Z", "user": 1, "content_type": 12, "object_id": "2", "object_repr": "N\u00f3 2-CONFIGURAR AMBIENTE", "action_flag": 2, "change_message": "[{\"changed\": {\"name\": \"student informations\", \"object\": \"StudentInformations object (5)\", \"fields\": [\"percentage_completed\"]}}]"}}, {"model": "admin.logentry", "pk": 227, "fields": {"action_time": "2018-10-17T02:34:55.864Z", "user": 1, "content_type": 7, "object_id": "1", "object_repr": "Turma 1", "action_flag": 2, "change_message": "[{\"changed\": {\"fields\": [\"students\"]}}]"}}, {"model": "admin.logentry", "pk": 228, "fields": {"action_time": "2018-10-17T02:35:05.623Z", "user": 1, "content_type": 7, "object_id": "3", "object_repr": "Turma 2", "action_flag": 2, "change_message": "[{\"changed\": {\"fields\": [\"students\"]}}]"}}, {"model": "admin.logentry", "pk": 229, "fields": {"action_time": "2018-10-17T02:50:25.137Z", "user": 1, "content_type": 15, "object_id": "4", "object_repr": "professor1", "action_flag": 1, "change_message": "[{\"added\": {}}]"}}, {"model": "admin.logentry", "pk": 230, "fields": {"action_time": "2018-10-17T02:55:22.256Z", "user": 1, "content_type": 15, "object_id": "4", "object_repr": "professor1", "action_flag": 3, "change_message": ""}}, {"model": "admin.logentry", "pk": 231, "fields": {"action_time": "2018-10-17T03:45:23.585Z", "user": 1, "content_type": 15, "object_id": "1", "object_repr": "Teacher object (1)", "action_flag": 1, "change_message": "[{\"added\": {}}]"}}, {"model": "admin.logentry", "pk": 232, "fields": {"action_time": "2018-10-17T03:46:44.592Z", "user": 1, "content_type": 4, "object_id": "3", "object_repr": "professor", "action_flag": 2, "change_message": "[{\"changed\": {\"fields\": [\"first_name\"]}}]"}}, {"model": "admin.logentry", "pk": 233, "fields": {"action_time": "2018-10-17T04:20:02.131Z", "user": 1, "content_type": 12, "object_id": "1", "object_repr": "N\u00f3 1-LER MANUAL DE CONFIGURA\u00c7\u00c3O", "action_flag": 2, "change_message": "[{\"changed\": {\"fields\": [\"amount_access\"], \"object\": \"StudentInformations object (1)\", \"name\": \"student informations\"}}, {\"changed\": {\"fields\": [\"start_activity\", \"end_activity\", \"amount_access\"], \"object\": \"StudentInformations object (2)\", \"name\": \"student informations\"}}, {\"changed\": {\"fields\": [\"start_activity\", \"end_activity\", \"amount_access\", \"percentage_completed\"], \"object\": \"StudentInformations object (3)\", \"name\": \"student informations\"}}, {\"changed\": {\"fields\": [\"start_activity\", \"end_activity\", \"amount_access\", \"percentage_completed\"], \"object\": \"StudentInformations object (4)\", \"name\": \"student informations\"}}]"}}, {"model": "admin.logentry", "pk": 234, "fields": {"action_time": "2018-10-18T16:12:42.650Z", "user": 1, "content_type": 15, "object_id": "1", "object_repr": "Professor afonso", "action_flag": 2, "change_message": "[{\"changed\": {\"fields\": [\"classe\"]}}]"}}, {"model": "admin.logentry", "pk": 235, "fields": {"action_time": "2018-10-19T04:07:38.545Z", "user": 1, "content_type": 12, "object_id": "48", "object_repr": "N\u00f3 48-AVALIA\u00c7\u00c3O", "action_flag": 1, "change_message": "[{\"added\": {}}]"}}, {"model": "admin.logentry", "pk": 236, "fields": {"action_time": "2018-10-19T04:12:06.055Z", "user": 1, "content_type": 12, "object_id": "1", "object_repr": "N\u00f3 1-LER MANUAL DE CONFIGURA\u00c7\u00c3O", "action_flag": 2, "change_message": "[{\"added\": {\"name\": \"student informations\", \"object\": \"StudentInformations object (9)\"}}]"}}, {"model": "admin.logentry", "pk": 237, "fields": {"action_time": "2018-10-19T23:55:16.154Z", "user": 1, "content_type": 12, "object_id": "4", "object_repr": "N\u00f3 4-LER MATERIAL DE APOIO", "action_flag": 2, "change_message": "[{\"changed\": {\"fields\": [\"node_end\"]}}]"}}, {"model": "admin.logentry", "pk": 238, "fields": {"action_time": "2018-10-19T23:55:34.149Z", "user": 1, "content_type": 12, "object_id": "5", "object_repr": "N\u00f3 5-LER MATERIAL DE APOIO", "action_flag": 2, "change_message": "[{\"changed\": {\"fields\": [\"node_end\"]}}]"}}, {"model": "admin.logentry", "pk": 239, "fields": {"action_time": "2018-10-19T23:55:44.483Z", "user": 1, "content_type": 12, "object_id": "2", "object_repr": "N\u00f3 2-CONFIGURAR AMBIENTE", "action_flag": 2, "change_message": "[{\"changed\": {\"fields\": [\"is_way\"]}}]"}}, {"model": "admin.logentry", "pk": 240, "fields": {"action_time": "2018-10-19T23:56:03.434Z", "user": 1, "content_type": 12, "object_id": "1", "object_repr": "N\u00f3 1-LER MANUAL DE CONFIGURA\u00c7\u00c3O", "action_flag": 2, "change_message": "[{\"changed\": {\"fields\": [\"is_way\"]}}]"}}, {"model": "admin.logentry", "pk": 241, "fields": {"action_time": "2018-10-20T00:00:22.190Z", "user": 1, "content_type": 12, "object_id": "2", "object_repr": "N\u00f3 2-CONFIGURAR AMBIENTE", "action_flag": 2, "change_message": "[{\"changed\": {\"fields\": [\"is_way\"]}}]"}}, {"model": "admin.logentry", "pk": 242, "fields": {"action_time": "2018-10-20T00:00:41.613Z", "user": 1, "content_type": 12, "object_id": "1", "object_repr": "N\u00f3 1-LER MANUAL DE CONFIGURA\u00c7\u00c3O", "action_flag": 2, "change_message": "[{\"changed\": {\"fields\": [\"is_way\"]}}]"}}, {"model": "admin.logentry", "pk": 243, "fields": {"action_time": "2018-10-20T00:28:28.954Z", "user": 1, "content_type": 12, "object_id": "1", "object_repr": "N\u00f3 1-LER MANUAL DE CONFIGURA\u00c7\u00c3O", "action_flag": 2, "change_message": "[{\"changed\": {\"fields\": [\"is_way\"]}}]"}}, {"model": "admin.logentry", "pk": 244, "fields": {"action_time": "2018-10-20T00:28:45.167Z", "user": 1, "content_type": 12, "object_id": "2", "object_repr": "N\u00f3 2-CONFIGURAR AMBIENTE", "action_flag": 2, "change_message": "[{\"changed\": {\"fields\": [\"is_way\"]}}]"}}, {"model": "admin.logentry", "pk": 245, "fields": {"action_time": "2018-10-20T00:30:23.296Z", "user": 1, "content_type": 12, "object_id": "5", "object_repr": "N\u00f3 5-LER MATERIAL DE APOIO", "action_flag": 2, "change_message": "[{\"changed\": {\"fields\": [\"is_way\"]}}]"}}, {"model": "admin.logentry", "pk": 246, "fields": {"action_time": "2018-10-20T00:30:41.537Z", "user": 1, "content_type": 12, "object_id": "1", "object_repr": "N\u00f3 1-LER MANUAL DE CONFIGURA\u00c7\u00c3O", "action_flag": 2, "change_message": "[{\"changed\": {\"fields\": [\"is_way\"]}}]"}}, {"model": "admin.logentry", "pk": 247, "fields": {"action_time": "2018-10-20T00:30:55.695Z", "user": 1, "content_type": 12, "object_id": "2", "object_repr": "N\u00f3 2-CONFIGURAR AMBIENTE", "action_flag": 2, "change_message": "[{\"changed\": {\"fields\": [\"is_way\"]}}]"}}, {"model": "admin.logentry", "pk": 248, "fields": {"action_time": "2018-10-20T00:31:11.516Z", "user": 1, "content_type": 12, "object_id": "3", "object_repr": "N\u00f3 3-ASSISTIR VIDEO AULA", "action_flag": 2, "change_message": "[{\"changed\": {\"fields\": [\"is_way\"]}}]"}}, {"model": "admin.logentry", "pk": 249, "fields": {"action_time": "2018-10-20T00:35:12.668Z", "user": 1, "content_type": 12, "object_id": "3", "object_repr": "N\u00f3 3-ASSISTIR VIDEO AULA", "action_flag": 2, "change_message": "[{\"changed\": {\"fields\": [\"node_end\"]}}]"}}, {"model": "admin.logentry", "pk": 250, "fields": {"action_time": "2018-10-20T00:35:47.180Z", "user": 1, "content_type": 12, "object_id": "5", "object_repr": "N\u00f3 5-LER MATERIAL DE APOIO", "action_flag": 2, "change_message": "[{\"changed\": {\"fields\": [\"node_end\"]}}]"}}, {"model": "admin.logentry", "pk": 251, "fields": {"action_time": "2018-10-20T00:37:11.295Z", "user": 1, "content_type": 12, "object_id": "1", "object_repr": "N\u00f3 1-LER MANUAL DE CONFIGURA\u00c7\u00c3O", "action_flag": 2, "change_message": "[{\"changed\": {\"fields\": [\"is_way\"]}}]"}}, {"model": "admin.logentry", "pk": 252, "fields": {"action_time": "2018-10-20T00:37:24.054Z", "user": 1, "content_type": 12, "object_id": "2", "object_repr": "N\u00f3 2-CONFIGURAR AMBIENTE", "action_flag": 2, "change_message": "[{\"changed\": {\"fields\": [\"is_way\"]}}]"}}, {"model": "admin.logentry", "pk": 253, "fields": {"action_time": "2018-10-20T00:37:54.179Z", "user": 1, "content_type": 12, "object_id": "4", "object_repr": "N\u00f3 4-LER MATERIAL DE APOIO", "action_flag": 2, "change_message": "[{\"changed\": {\"fields\": [\"is_way\"]}}]"}}, {"model": "admin.logentry", "pk": 254, "fields": {"action_time": "2018-10-20T01:19:39.419Z", "user": 1, "content_type": 12, "object_id": "4", "object_repr": "N\u00f3 4-LER MATERIAL DE APOIO", "action_flag": 2, "change_message": "[{\"changed\": {\"fields\": [\"node_end\"]}}]"}}, {"model": "admin.logentry", "pk": 255, "fields": {"action_time": "2018-10-20T01:19:52.629Z", "user": 1, "content_type": 12, "object_id": "3", "object_repr": "N\u00f3 3-ASSISTIR VIDEO AULA", "action_flag": 2, "change_message": "[{\"changed\": {\"fields\": [\"node_end\"]}}]"}}, {"model": "admin.logentry", "pk": 256, "fields": {"action_time": "2018-10-20T03:19:50.992Z", "user": 1, "content_type": 12, "object_id": "5", "object_repr": "N\u00f3 5-LER MATERIAL DE APOIO", "action_flag": 2, "change_message": "[{\"changed\": {\"fields\": [\"node_end\"]}}]"}}, {"model": "admin.logentry", "pk": 257, "fields": {"action_time": "2018-10-20T03:26:09.290Z", "user": 1, "content_type": 12, "object_id": "5", "object_repr": "N\u00f3 5-LER MATERIAL DE APOIO", "action_flag": 2, "change_message": "[{\"changed\": {\"fields\": [\"node_end\"]}}]"}}, {"model": "admin.logentry", "pk": 258, "fields": {"action_time": "2018-10-20T03:26:18.987Z", "user": 1, "content_type": 12, "object_id": "4", "object_repr": "N\u00f3 4-LER MATERIAL DE APOIO", "action_flag": 2, "change_message": "[{\"changed\": {\"fields\": [\"node_end\"]}}]"}}, {"model": "admin.logentry", "pk": 259, "fields": {"action_time": "2018-10-20T03:35:46.608Z", "user": 1, "content_type": 12, "object_id": "4", "object_repr": "N\u00f3 4-LER MATERIAL DE APOIO", "action_flag": 2, "change_message": "[{\"changed\": {\"fields\": [\"node_end\"]}}]"}}, {"model": "admin.logentry", "pk": 260, "fields": {"action_time": "2018-10-20T04:13:25.135Z", "user": 1, "content_type": 7, "object_id": "3", "object_repr": "Turma 2", "action_flag": 2, "change_message": "[{\"changed\": {\"fields\": [\"course\"]}}]"}}, {"model": "admin.logentry", "pk": 261, "fields": {"action_time": "2018-10-26T03:06:37.043Z", "user": 1, "content_type": 12, "object_id": "1", "object_repr": "N\u00f3 1-LER MANUAL DE CONFIGURA\u00c7\u00c3O", "action_flag": 2, "change_message": "[{\"changed\": {\"fields\": [\"avg_access\"]}}]"}}, {"model": "admin.logentry", "pk": 262, "fields": {"action_time": "2018-10-26T03:06:45.200Z", "user": 1, "content_type": 12, "object_id": "2", "object_repr": "N\u00f3 2-CONFIGURAR AMBIENTE", "action_flag": 2, "change_message": "[{\"changed\": {\"fields\": [\"avg_access\"]}}]"}}, {"model": "admin.logentry", "pk": 263, "fields": {"action_time": "2018-10-26T03:06:53.835Z", "user": 1, "content_type": 12, "object_id": "3", "object_repr": "N\u00f3 3-ASSISTIR VIDEO AULA", "action_flag": 2, "change_message": "[{\"changed\": {\"fields\": [\"avg_access\"]}}]"}}, {"model": "admin.logentry", "pk": 264, "fields": {"action_time": "2018-11-03T20:42:08.333Z", "user": 1, "content_type": 13, "object_id": "2", "object_repr": "Curso TCC", "action_flag": 1, "change_message": "[{\"added\": {}}]"}}, {"model": "admin.logentry", "pk": 265, "fields": {"action_time": "2018-11-03T20:42:45.301Z", "user": 1, "content_type": 7, "object_id": "4", "object_repr": "Turma A", "action_flag": 1, "change_message": "[{\"added\": {}}]"}}, {"model": "admin.logentry", "pk": 266, "fields": {"action_time": "2018-11-03T20:42:54.150Z", "user": 1, "content_type": 7, "object_id": "5", "object_repr": "Turma B", "action_flag": 1, "change_message": "[{\"added\": {}}]"}}, {"model": "admin.logentry", "pk": 267, "fields": {"action_time": "2018-11-03T20:44:45.290Z", "user": 1, "content_type": 4, "object_id": "5", "object_repr": "felix", "action_flag": 1, "change_message": "[{\"added\": {}}]"}}, {"model": "admin.logentry", "pk": 268, "fields": {"action_time": "2018-11-03T20:44:48.062Z", "user": 1, "content_type": 15, "object_id": "2", "object_repr": "", "action_flag": 1, "change_message": "[{\"added\": {}}]"}}, {"model": "admin.logentry", "pk": 269, "fields": {"action_time": "2018-11-03T20:45:23.126Z", "user": 1, "content_type": 4, "object_id": "5", "object_repr": "felix", "action_flag": 2, "change_message": "[{\"changed\": {\"fields\": [\"first_name\", \"last_name\"]}}]"}}, {"model": "admin.logentry", "pk": 270, "fields": {"action_time": "2018-11-03T20:49:50.449Z", "user": 1, "content_type": 10, "object_id": "9", "object_repr": "LER INSTRU\u00c7\u00d5ES", "action_flag": 1, "change_message": "[{\"added\": {}}]"}}, {"model": "admin.logentry", "pk": 271, "fields": {"action_time": "2018-11-03T20:51:04.653Z", "user": 1, "content_type": 12, "object_id": "49", "object_repr": "N\u00f3 1-LER INSTRU\u00c7\u00d5ES", "action_flag": 1, "change_message": "[{\"added\": {}}]"}}, {"model": "admin.logentry", "pk": 272, "fields": {"action_time": "2018-11-03T20:51:26.042Z", "user": 1, "content_type": 10, "object_id": "10", "object_repr": "VIDEO AULA", "action_flag": 1, "change_message": "[{\"added\": {}}]"}}, {"model": "admin.logentry", "pk": 273, "fields": {"action_time": "2018-11-03T20:51:40.606Z", "user": 1, "content_type": 12, "object_id": "50", "object_repr": "N\u00f3 2-VIDEO AULA", "action_flag": 1, "change_message": "[{\"added\": {}}]"}}, {"model": "admin.logentry", "pk": 274, "fields": {"action_time": "2018-11-03T20:53:01.392Z", "user": 1, "content_type": 12, "object_id": "51", "object_repr": "N\u00f3 3-VIDEO AULA", "action_flag": 1, "change_message": "[{\"added\": {}}]"}}, {"model": "admin.logentry", "pk": 275, "fields": {"action_time": "2018-11-03T20:53:26.493Z", "user": 1, "content_type": 12, "object_id": "52", "object_repr": "N\u00f3 4-VIDEO AULA", "action_flag": 1, "change_message": "[{\"added\": {}}]"}}, {"model": "admin.logentry", "pk": 276, "fields": {"action_time": "2018-11-03T20:53:49.953Z", "user": 1, "content_type": 10, "object_id": "11", "object_repr": "LEITURA", "action_flag": 1, "change_message": "[{\"added\": {}}]"}}, {"model": "admin.logentry", "pk": 277, "fields": {"action_time": "2018-11-03T20:54:01.440Z", "user": 1, "content_type": 12, "object_id": "53", "object_repr": "N\u00f3 5-LEITURA", "action_flag": 1, "change_message": "[{\"added\": {}}]"}}, {"model": "admin.logentry", "pk": 278, "fields": {"action_time": "2018-11-03T20:54:24.254Z", "user": 1, "content_type": 10, "object_id": "12", "object_repr": "EXERC\u00cdCIO OBJETIVO", "action_flag": 1, "change_message": "[{\"added\": {}}]"}}, {"model": "admin.logentry", "pk": 279, "fields": {"action_time": "2018-11-03T20:54:42.081Z", "user": 1, "content_type": 12, "object_id": "54", "object_repr": "N\u00f3 6-EXERC\u00cdCIO OBJETIVO", "action_flag": 1, "change_message": "[{\"added\": {}}]"}}, {"model": "admin.logentry", "pk": 280, "fields": {"action_time": "2018-11-03T20:55:00.362Z", "user": 1, "content_type": 12, "object_id": "55", "object_repr": "N\u00f3 7-EXERC\u00cdCIO OBJETIVO", "action_flag": 1, "change_message": "[{\"added\": {}}]"}}, {"model": "admin.logentry", "pk": 281, "fields": {"action_time": "2018-11-03T20:55:21.326Z", "user": 1, "content_type": 12, "object_id": "56", "object_repr": "N\u00f3 8-LEITURA", "action_flag": 1, "change_message": "[{\"added\": {}}]"}}, {"model": "admin.logentry", "pk": 282, "fields": {"action_time": "2018-11-03T20:55:41.417Z", "user": 1, "content_type": 12, "object_id": "57", "object_repr": "N\u00f3 10-VIDEO AULA", "action_flag": 1, "change_message": "[{\"added\": {}}]"}}, {"model": "admin.logentry", "pk": 283, "fields": {"action_time": "2018-11-03T20:56:34.526Z", "user": 1, "content_type": 12, "object_id": "58", "object_repr": "N\u00f3 11-AVALIA\u00c7\u00c3O", "action_flag": 1, "change_message": "[{\"added\": {}}]"}}, {"model": "admin.logentry", "pk": 284, "fields": {"action_time": "2018-11-03T20:57:24.899Z", "user": 1, "content_type": 12, "object_id": "59", "object_repr": "N\u00f3 12-AVALIA\u00c7\u00c3O", "action_flag": 1, "change_message": "[{\"added\": {}}]"}}, {"model": "admin.logentry", "pk": 285, "fields": {"action_time": "2018-11-03T20:57:34.061Z", "user": 1, "content_type": 12, "object_id": "58", "object_repr": "N\u00f3 11-AVALIA\u00c7\u00c3O", "action_flag": 2, "change_message": "[{\"changed\": {\"fields\": [\"node_end\"]}}]"}}, {"model": "admin.logentry", "pk": 286, "fields": {"action_time": "2018-11-03T20:59:35.996Z", "user": 1, "content_type": 12, "object_id": "59", "object_repr": "N\u00f3 12-AVALIA\u00c7\u00c3O", "action_flag": 3, "change_message": ""}}, {"model": "admin.logentry", "pk": 287, "fields": {"action_time": "2018-11-03T20:59:36.249Z", "user": 1, "content_type": 12, "object_id": "58", "object_repr": "N\u00f3 11-AVALIA\u00c7\u00c3O", "action_flag": 3, "change_message": ""}}, {"model": "admin.logentry", "pk": 288, "fields": {"action_time": "2018-11-03T20:59:36.335Z", "user": 1, "content_type": 12, "object_id": "57", "object_repr": "N\u00f3 10-VIDEO AULA", "action_flag": 3, "change_message": ""}}, {"model": "admin.logentry", "pk": 289, "fields": {"action_time": "2018-11-03T20:59:36.423Z", "user": 1, "content_type": 12, "object_id": "56", "object_repr": "N\u00f3 8-LEITURA", "action_flag": 3, "change_message": ""}}, {"model": "admin.logentry", "pk": 290, "fields": {"action_time": "2018-11-03T21:00:41.460Z", "user": 1, "content_type": 12, "object_id": "55", "object_repr": "N\u00f3 7-EXERC\u00cdCIO OBJETIVO", "action_flag": 3, "change_message": ""}}, {"model": "admin.logentry", "pk": 291, "fields": {"action_time": "2018-11-03T21:00:41.531Z", "user": 1, "content_type": 12, "object_id": "54", "object_repr": "N\u00f3 6-EXERC\u00cdCIO OBJETIVO", "action_flag": 3, "change_message": ""}}, {"model": "admin.logentry", "pk": 292, "fields": {"action_time": "2018-11-03T21:00:41.608Z", "user": 1, "content_type": 12, "object_id": "53", "object_repr": "N\u00f3 5-LEITURA", "action_flag": 3, "change_message": ""}}, {"model": "admin.logentry", "pk": 293, "fields": {"action_time": "2018-11-03T21:00:41.695Z", "user": 1, "content_type": 12, "object_id": "52", "object_repr": "N\u00f3 4-VIDEO AULA", "action_flag": 3, "change_message": ""}}, {"model": "admin.logentry", "pk": 294, "fields": {"action_time": "2018-11-03T21:00:41.807Z", "user": 1, "content_type": 12, "object_id": "51", "object_repr": "N\u00f3 3-VIDEO AULA", "action_flag": 3, "change_message": ""}}, {"model": "admin.logentry", "pk": 295, "fields": {"action_time": "2018-11-03T21:00:41.906Z", "user": 1, "content_type": 12, "object_id": "50", "object_repr": "N\u00f3 2-VIDEO AULA", "action_flag": 3, "change_message": ""}}, {"model": "admin.logentry", "pk": 296, "fields": {"action_time": "2018-11-03T21:00:42.006Z", "user": 1, "content_type": 12, "object_id": "49", "object_repr": "N\u00f3 1-LER INSTRU\u00c7\u00d5ES", "action_flag": 3, "change_message": ""}}, {"model": "admin.logentry", "pk": 297, "fields": {"action_time": "2018-11-03T21:07:08.206Z", "user": 1, "content_type": 12, "object_id": "60", "object_repr": "N\u00f3 1-LER INSTRU\u00c7\u00d5ES", "action_flag": 1, "change_message": "[{\"added\": {}}]"}}, {"model": "admin.logentry", "pk": 298, "fields": {"action_time": "2018-11-03T21:07:34.376Z", "user": 1, "content_type": 12, "object_id": "61", "object_repr": "N\u00f3 2-VIDEO AULA", "action_flag": 1, "change_message": "[{\"added\": {}}]"}}, {"model": "admin.logentry", "pk": 299, "fields": {"action_time": "2018-11-03T21:07:59.953Z", "user": 1, "content_type": 12, "object_id": "62", "object_repr": "N\u00f3 3-LEITURA", "action_flag": 1, "change_message": "[{\"added\": {}}]"}}, {"model": "admin.logentry", "pk": 300, "fields": {"action_time": "2018-11-03T21:08:21.333Z", "user": 1, "content_type": 12, "object_id": "63", "object_repr": "N\u00f3 4-EXERC\u00cdCIO OBJETIVO", "action_flag": 1, "change_message": "[{\"added\": {}}]"}}, {"model": "admin.logentry", "pk": 301, "fields": {"action_time": "2018-11-03T21:09:54.812Z", "user": 1, "content_type": 12, "object_id": "64", "object_repr": "N\u00f3 7.1-EXERC\u00cdCIO OBJETIVO", "action_flag": 1, "change_message": "[{\"added\": {}}]"}}, {"model": "admin.logentry", "pk": 302, "fields": {"action_time": "2018-11-03T21:11:07.335Z", "user": 1, "content_type": 12, "object_id": "65", "object_repr": "N\u00f3 8.1-LEITURA", "action_flag": 1, "change_message": "[{\"added\": {}}]"}}, {"model": "admin.logentry", "pk": 303, "fields": {"action_time": "2018-11-03T21:13:04.141Z", "user": 1, "content_type": 12, "object_id": "66", "object_repr": "N\u00f3 10.1-AVALIA\u00c7\u00c3O", "action_flag": 1, "change_message": "[{\"added\": {}}]"}}, {"model": "admin.logentry", "pk": 304, "fields": {"action_time": "2018-11-03T21:14:11.517Z", "user": 1, "content_type": 12, "object_id": "67", "object_repr": "N\u00f3 9.1-VIDEO AULA", "action_flag": 1, "change_message": "[{\"added\": {}}]"}}, {"model": "admin.logentry", "pk": 305, "fields": {"action_time": "2018-11-03T21:14:27.335Z", "user": 1, "content_type": 12, "object_id": "68", "object_repr": "N\u00f3 10.2-AVALIA\u00c7\u00c3O", "action_flag": 1, "change_message": "[{\"added\": {}}]"}}, {"model": "admin.logentry", "pk": 306, "fields": {"action_time": "2018-11-03T21:14:33.921Z", "user": 1, "content_type": 12, "object_id": "68", "object_repr": "N\u00f3 10.2-AVALIA\u00c7\u00c3O", "action_flag": 2, "change_message": "[{\"changed\": {\"fields\": [\"node_end\"]}}]"}}, {"model": "admin.logentry", "pk": 307, "fields": {"action_time": "2018-11-03T21:14:41.784Z", "user": 1, "content_type": 12, "object_id": "66", "object_repr": "N\u00f3 10.1-AVALIA\u00c7\u00c3O", "action_flag": 2, "change_message": "[{\"changed\": {\"fields\": [\"node_end\"]}}]"}}, {"model": "admin.logentry", "pk": 308, "fields": {"action_time": "2018-11-03T21:16:55.606Z", "user": 1, "content_type": 12, "object_id": "69", "object_repr": "N\u00f3 5-VIDEO AULA", "action_flag": 1, "change_message": "[{\"added\": {}}]"}}, {"model": "admin.logentry", "pk": 309, "fields": {"action_time": "2018-11-03T21:17:19.268Z", "user": 1, "content_type": 12, "object_id": "70", "object_repr": "N\u00f3 6-VIDEO AULA", "action_flag": 1, "change_message": "[{\"added\": {}}]"}}, {"model": "admin.logentry", "pk": 310, "fields": {"action_time": "2018-11-03T21:17:45.106Z", "user": 1, "content_type": 12, "object_id": "71", "object_repr": "N\u00f3 7.2-EXERC\u00cdCIO OBJETIVO", "action_flag": 1, "change_message": "[{\"added\": {}}]"}}, {"model": "admin.logentry", "pk": 311, "fields": {"action_time": "2018-11-03T21:18:28.681Z", "user": 1, "content_type": 12, "object_id": "72", "object_repr": "N\u00f3 8.2-LEITURA", "action_flag": 1, "change_message": "[{\"added\": {}}]"}}, {"model": "admin.logentry", "pk": 312, "fields": {"action_time": "2018-11-03T21:19:41.189Z", "user": 1, "content_type": 12, "object_id": "73", "object_repr": "N\u00f3 10.3-AVALIA\u00c7\u00c3O", "action_flag": 1, "change_message": "[{\"added\": {}}]"}}, {"model": "admin.logentry", "pk": 313, "fields": {"action_time": "2018-11-03T21:20:12.906Z", "user": 1, "content_type": 12, "object_id": "74", "object_repr": "N\u00f3 9.2-VIDEO AULA", "action_flag": 1, "change_message": "[{\"added\": {}}]"}}, {"model": "admin.logentry", "pk": 314, "fields": {"action_time": "2018-11-03T21:20:52.009Z", "user": 1, "content_type": 12, "object_id": "75", "object_repr": "N\u00f3 10.4-AVALIA\u00c7\u00c3O", "action_flag": 1, "change_message": "[{\"added\": {}}]"}}, {"model": "admin.logentry", "pk": 315, "fields": {"action_time": "2018-11-03T21:59:52.264Z", "user": 1, "content_type": 12, "object_id": "60", "object_repr": "N\u00f3 1-LER INSTRU\u00c7\u00d5ES", "action_flag": 2, "change_message": "[{\"changed\": {\"object\": \"StudentInformations object (10)\", \"fields\": [\"start_activity\", \"end_activity\"], \"name\": \"student informations\"}}, {\"changed\": {\"object\": \"StudentInformations object (11)\", \"fields\": [\"start_activity\", \"end_activity\"], \"name\": \"student informations\"}}, {\"changed\": {\"object\": \"StudentInformations object (12)\", \"fields\": [\"start_activity\", \"end_activity\"], \"name\": \"student informations\"}}, {\"changed\": {\"object\": \"StudentInformations object (13)\", \"fields\": [\"start_activity\", \"end_activity\"], \"name\": \"student informations\"}}, {\"changed\": {\"object\": \"StudentInformations object (14)\", \"fields\": [\"start_activity\", \"end_activity\"], \"name\": \"student informations\"}}, {\"changed\": {\"object\": \"StudentInformations object (15)\", \"fields\": [\"start_activity\", \"end_activity\"], \"name\": \"student informations\"}}, {\"changed\": {\"object\": \"StudentInformations object (16)\", \"fields\": [\"start_activity\", \"end_activity\"], \"name\": \"student informations\"}}, {\"changed\": {\"object\": \"StudentInformations object (17)\", \"fields\": [\"start_activity\", \"end_activity\"], \"name\": \"student informations\"}}, {\"changed\": {\"object\": \"StudentInformations object (18)\", \"fields\": [\"start_activity\", \"end_activity\"], \"name\": \"student informations\"}}, {\"changed\": {\"object\": \"StudentInformations object (19)\", \"fields\": [\"start_activity\", \"end_activity\"], \"name\": \"student informations\"}}, {\"changed\": {\"object\": \"StudentInformations object (20)\", \"fields\": [\"start_activity\", \"end_activity\"], \"name\": \"student informations\"}}, {\"changed\": {\"object\": \"StudentInformations object (21)\", \"fields\": [\"start_activity\", \"end_activity\"], \"name\": \"student informations\"}}, {\"changed\": {\"object\": \"StudentInformations object (22)\", \"fields\": [\"start_activity\", \"end_activity\"], \"name\": \"student informations\"}}, {\"changed\": {\"object\": \"StudentInformations object (23)\", \"fields\": [\"start_activity\", \"end_activity\"], \"name\": \"student informations\"}}, {\"changed\": {\"object\": \"StudentInformations object (24)\", \"fields\": [\"start_activity\", \"end_activity\"], \"name\": \"student informations\"}}]"}}, {"model": "admin.logentry", "pk": 316, "fields": {"action_time": "2018-11-04T11:07:46.069Z", "user": 1, "content_type": 12, "object_id": "62", "object_repr": "N\u00f3 3-LEITURA", "action_flag": 2, "change_message": "[{\"changed\": {\"object\": \"StudentInformations object (40)\", \"name\": \"student informations\", \"fields\": [\"start_activity\", \"end_activity\"]}}, {\"changed\": {\"object\": \"StudentInformations object (41)\", \"name\": \"student informations\", \"fields\": [\"start_activity\", \"end_activity\"]}}, {\"changed\": {\"object\": \"StudentInformations object (42)\", \"name\": \"student informations\", \"fields\": [\"start_activity\", \"end_activity\"]}}, {\"changed\": {\"object\": \"StudentInformations object (43)\", \"name\": \"student informations\", \"fields\": [\"start_activity\", \"end_activity\"]}}, {\"changed\": {\"object\": \"StudentInformations object (44)\", \"name\": \"student informations\", \"fields\": [\"start_activity\", \"end_activity\"]}}, {\"changed\": {\"object\": \"StudentInformations object (45)\", \"name\": \"student informations\", \"fields\": [\"start_activity\", \"end_activity\"]}}, {\"changed\": {\"object\": \"StudentInformations object (46)\", \"name\": \"student informations\", \"fields\": [\"start_activity\", \"end_activity\"]}}]"}}, {"model": "admin.logentry", "pk": 317, "fields": {"action_time": "2018-11-04T11:08:58.207Z", "user": 1, "content_type": 12, "object_id": "61", "object_repr": "N\u00f3 2-VIDEO AULA", "action_flag": 2, "change_message": "[{\"changed\": {\"object\": \"StudentInformations object (25)\", \"name\": \"student informations\", \"fields\": [\"start_activity\", \"end_activity\"]}}, {\"changed\": {\"object\": \"StudentInformations object (26)\", \"name\": \"student informations\", \"fields\": [\"start_activity\", \"end_activity\"]}}, {\"changed\": {\"object\": \"StudentInformations object (27)\", \"name\": \"student informations\", \"fields\": [\"start_activity\", \"end_activity\"]}}, {\"changed\": {\"object\": \"StudentInformations object (28)\", \"name\": \"student informations\", \"fields\": [\"start_activity\", \"end_activity\"]}}, {\"changed\": {\"object\": \"StudentInformations object (29)\", \"name\": \"student informations\", \"fields\": [\"start_activity\", \"end_activity\"]}}, {\"changed\": {\"object\": \"StudentInformations object (30)\", \"name\": \"student informations\", \"fields\": [\"start_activity\", \"end_activity\"]}}, {\"changed\": {\"object\": \"StudentInformations object (31)\", \"name\": \"student informations\", \"fields\": [\"start_activity\", \"end_activity\"]}}, {\"changed\": {\"object\": \"StudentInformations object (32)\", \"name\": \"student informations\", \"fields\": [\"start_activity\", \"end_activity\"]}}, {\"changed\": {\"object\": \"StudentInformations object (33)\", \"name\": \"student informations\", \"fields\": [\"start_activity\", \"end_activity\"]}}, {\"changed\": {\"object\": \"StudentInformations object (34)\", \"name\": \"student informations\", \"fields\": [\"start_activity\", \"end_activity\"]}}, {\"changed\": {\"object\": \"StudentInformations object (35)\", \"name\": \"student informations\", \"fields\": [\"start_activity\", \"end_activity\"]}}, {\"changed\": {\"object\": \"StudentInformations object (36)\", \"name\": \"student informations\", \"fields\": [\"start_activity\", \"end_activity\"]}}, {\"changed\": {\"object\": \"StudentInformations object (37)\", \"name\": \"student informations\", \"fields\": [\"start_activity\", \"end_activity\"]}}, {\"changed\": {\"object\": \"StudentInformations object (38)\", \"name\": \"student informations\", \"fields\": [\"start_activity\", \"end_activity\"]}}, {\"changed\": {\"object\": \"StudentInformations object (39)\", \"name\": \"student informations\", \"fields\": [\"start_activity\", \"end_activity\"]}}]"}}, {"model": "admin.logentry", "pk": 318, "fields": {"action_time": "2018-11-04T11:51:15.292Z", "user": 1, "content_type": 12, "object_id": "69", "object_repr": "N\u00f3 5-VIDEO AULA", "action_flag": 2, "change_message": "[{\"deleted\": {\"name\": \"student informations\", \"object\": \"StudentInformations object (None)\"}}, {\"deleted\": {\"name\": \"student informations\", \"object\": \"StudentInformations object (None)\"}}, {\"deleted\": {\"name\": \"student informations\", \"object\": \"StudentInformations object (None)\"}}, {\"deleted\": {\"name\": \"student informations\", \"object\": \"StudentInformations object (None)\"}}, {\"deleted\": {\"name\": \"student informations\", \"object\": \"StudentInformations object (None)\"}}, {\"deleted\": {\"name\": \"student informations\", \"object\": \"StudentInformations object (None)\"}}, {\"deleted\": {\"name\": \"student informations\", \"object\": \"StudentInformations object (None)\"}}, {\"deleted\": {\"name\": \"student informations\", \"object\": \"StudentInformations object (None)\"}}]"}}, {"model": "admin.logentry", "pk": 319, "fields": {"action_time": "2018-11-04T15:07:26.566Z", "user": 1, "content_type": 12, "object_id": "62", "object_repr": "N\u00f3 3-LEITURA", "action_flag": 2, "change_message": "[{\"added\": {\"name\": \"student informations\", \"object\": \"StudentInformations object (62)\"}}]"}}, {"model": "admin.logentry", "pk": 320, "fields": {"action_time": "2018-11-04T15:16:58.225Z", "user": 1, "content_type": 12, "object_id": "69", "object_repr": "N\u00f3 5-VIDEO AULA", "action_flag": 2, "change_message": "[{\"added\": {\"name\": \"student informations\", \"object\": \"StudentInformations object (63)\"}}]"}}, {"model": "admin.logentry", "pk": 321, "fields": {"action_time": "2018-11-04T16:25:45.097Z", "user": 1, "content_type": 12, "object_id": "62", "object_repr": "N\u00f3 3-LEITURA", "action_flag": 2, "change_message": "[{\"deleted\": {\"name\": \"student informations\", \"object\": \"StudentInformations object (None)\"}}]"}}, {"model": "admin.logentry", "pk": 322, "fields": {"action_time": "2018-11-04T16:37:01.966Z", "user": 1, "content_type": 12, "object_id": "62", "object_repr": "N\u00f3 3-LEITURA", "action_flag": 2, "change_message": "[{\"changed\": {\"name\": \"student informations\", \"object\": \"StudentInformations object (64)\", \"fields\": [\"start_activity\", \"end_activity\"]}}, {\"changed\": {\"name\": \"student informations\", \"object\": \"StudentInformations object (65)\", \"fields\": [\"start_activity\", \"end_activity\"]}}, {\"changed\": {\"name\": \"student informations\", \"object\": \"StudentInformations object (66)\", \"fields\": [\"start_activity\", \"end_activity\"]}}, {\"changed\": {\"name\": \"student informations\", \"object\": \"StudentInformations object (67)\", \"fields\": [\"start_activity\", \"end_activity\"]}}]"}}, {"model": "admin.logentry", "pk": 323, "fields": {"action_time": "2018-11-04T17:29:40.802Z", "user": 1, "content_type": 12, "object_id": "73", "object_repr": "N\u00f3 10.3-AVALIA\u00c7\u00c3O", "action_flag": 2, "change_message": "[{\"changed\": {\"fields\": [\"node_end\"]}}]"}}, {"model": "admin.logentry", "pk": 324, "fields": {"action_time": "2018-11-04T17:29:48.524Z", "user": 1, "content_type": 12, "object_id": "75", "object_repr": "N\u00f3 10.4-AVALIA\u00c7\u00c3O", "action_flag": 2, "change_message": "[{\"changed\": {\"fields\": [\"node_end\"]}}]"}}, {"model": "admin.logentry", "pk": 325, "fields": {"action_time": "2018-11-04T17:52:47.664Z", "user": 1, "content_type": 10, "object_id": "13", "object_repr": "conectar n\u00f3s", "action_flag": 1, "change_message": "[{\"added\": {}}]"}}, {"model": "admin.logentry", "pk": 326, "fields": {"action_time": "2018-11-04T17:52:50.520Z", "user": 1, "content_type": 12, "object_id": "76", "object_repr": "conector-conectar n\u00f3s", "action_flag": 1, "change_message": "[{\"added\": {}}]"}}, {"model": "admin.logentry", "pk": 327, "fields": {"action_time": "2018-11-06T02:27:18.904Z", "user": 1, "content_type": 12, "object_id": "63", "object_repr": "N\u00f3 4-EXERC\u00cdCIO OBJETIVO", "action_flag": 2, "change_message": "[{\"changed\": {\"object\": \"StudentInformations object (68)\", \"name\": \"student informations\", \"fields\": [\"start_activity\", \"end_activity\"]}}, {\"changed\": {\"object\": \"StudentInformations object (70)\", \"name\": \"student informations\", \"fields\": [\"start_activity\", \"end_activity\"]}}, {\"changed\": {\"object\": \"StudentInformations object (71)\", \"name\": \"student informations\", \"fields\": [\"start_activity\", \"end_activity\"]}}]"}}, {"model": "admin.logentry", "pk": 328, "fields": {"action_time": "2018-11-06T02:27:57.955Z", "user": 1, "content_type": 12, "object_id": "64", "object_repr": "N\u00f3 7.1-EXERC\u00cdCIO OBJETIVO", "action_flag": 2, "change_message": "[{\"changed\": {\"object\": \"StudentInformations object (72)\", \"name\": \"student informations\", \"fields\": [\"start_activity\", \"end_activity\"]}}, {\"changed\": {\"object\": \"StudentInformations object (74)\", \"name\": \"student informations\", \"fields\": [\"start_activity\", \"end_activity\"]}}, {\"changed\": {\"object\": \"StudentInformations object (75)\", \"name\": \"student informations\", \"fields\": [\"start_activity\", \"end_activity\"]}}]"}}, {"model": "admin.logentry", "pk": 329, "fields": {"action_time": "2018-11-06T02:28:14.874Z", "user": 1, "content_type": 12, "object_id": "65", "object_repr": "N\u00f3 8.1-LEITURA", "action_flag": 2, "change_message": "[{\"changed\": {\"object\": \"StudentInformations object (76)\", \"name\": \"student informations\", \"fields\": [\"start_activity\", \"end_activity\"]}}]"}}, {"model": "admin.logentry", "pk": 330, "fields": {"action_time": "2018-11-06T02:29:36.952Z", "user": 1, "content_type": 12, "object_id": "66", "object_repr": "N\u00f3 10.1-AVALIA\u00c7\u00c3O", "action_flag": 2, "change_message": "[{\"changed\": {\"object\": \"StudentInformations object (77)\", \"name\": \"student informations\", \"fields\": [\"start_activity\", \"end_activity\"]}}]"}}, {"model": "admin.logentry", "pk": 331, "fields": {"action_time": "2018-11-06T02:30:08.351Z", "user": 1, "content_type": 12, "object_id": "69", "object_repr": "N\u00f3 5-VIDEO AULA", "action_flag": 2, "change_message": "[{\"changed\": {\"object\": \"StudentInformations object (85)\", \"name\": \"student informations\", \"fields\": [\"start_activity\", \"end_activity\"]}}, {\"changed\": {\"object\": \"StudentInformations object (86)\", \"name\": \"student informations\", \"fields\": [\"start_activity\", \"end_activity\"]}}, {\"changed\": {\"object\": \"StudentInformations object (87)\", \"name\": \"student informations\", \"fields\": [\"start_activity\", \"end_activity\"]}}, {\"changed\": {\"object\": \"StudentInformations object (88)\", \"name\": \"student informations\", \"fields\": [\"start_activity\", \"end_activity\"]}}]"}}, {"model": "admin.logentry", "pk": 332, "fields": {"action_time": "2018-11-06T02:30:42.923Z", "user": 1, "content_type": 12, "object_id": "70", "object_repr": "N\u00f3 6-VIDEO AULA", "action_flag": 2, "change_message": "[{\"changed\": {\"object\": \"StudentInformations object (89)\", \"name\": \"student informations\", \"fields\": [\"start_activity\", \"end_activity\"]}}, {\"changed\": {\"object\": \"StudentInformations object (90)\", \"name\": \"student informations\", \"fields\": [\"start_activity\", \"end_activity\"]}}, {\"changed\": {\"object\": \"StudentInformations object (91)\", \"name\": \"student informations\", \"fields\": [\"start_activity\", \"end_activity\"]}}, {\"changed\": {\"object\": \"StudentInformations object (92)\", \"name\": \"student informations\", \"fields\": [\"start_activity\", \"end_activity\"]}}]"}}, {"model": "admin.logentry", "pk": 333, "fields": {"action_time": "2018-11-06T02:31:16.916Z", "user": 1, "content_type": 12, "object_id": "71", "object_repr": "N\u00f3 7.2-EXERC\u00cdCIO OBJETIVO", "action_flag": 2, "change_message": "[{\"changed\": {\"object\": \"StudentInformations object (93)\", \"name\": \"student informations\", \"fields\": [\"start_activity\", \"end_activity\"]}}, {\"changed\": {\"object\": \"StudentInformations object (94)\", \"name\": \"student informations\", \"fields\": [\"start_activity\", \"end_activity\"]}}, {\"changed\": {\"object\": \"StudentInformations object (95)\", \"name\": \"student informations\", \"fields\": [\"start_activity\", \"end_activity\"]}}, {\"changed\": {\"object\": \"StudentInformations object (96)\", \"name\": \"student informations\", \"fields\": [\"start_activity\", \"end_activity\"]}}]"}}, {"model": "admin.logentry", "pk": 334, "fields": {"action_time": "2018-11-06T02:31:38.997Z", "user": 1, "content_type": 12, "object_id": "72", "object_repr": "N\u00f3 8.2-LEITURA", "action_flag": 2, "change_message": "[{\"changed\": {\"object\": \"StudentInformations object (97)\", \"name\": \"student informations\", \"fields\": [\"start_activity\", \"end_activity\"]}}, {\"changed\": {\"object\": \"StudentInformations object (98)\", \"name\": \"student informations\", \"fields\": [\"start_activity\", \"end_activity\"]}}]"}}, {"model": "admin.logentry", "pk": 335, "fields": {"action_time": "2018-11-06T02:32:04.207Z", "user": 1, "content_type": 12, "object_id": "73", "object_repr": "N\u00f3 10.3-AVALIA\u00c7\u00c3O", "action_flag": 2, "change_message": "[{\"changed\": {\"object\": \"StudentInformations object (99)\", \"name\": \"student informations\", \"fields\": [\"start_activity\", \"end_activity\"]}}, {\"changed\": {\"object\": \"StudentInformations object (100)\", \"name\": \"student informations\", \"fields\": [\"start_activity\", \"end_activity\"]}}]"}}, {"model": "admin.logentry", "pk": 336, "fields": {"action_time": "2018-11-06T02:32:25.279Z", "user": 1, "content_type": 12, "object_id": "74", "object_repr": "N\u00f3 9.2-VIDEO AULA", "action_flag": 2, "change_message": "[{\"changed\": {\"object\": \"StudentInformations object (101)\", \"name\": \"student informations\", \"fields\": [\"start_activity\", \"end_activity\"]}}, {\"changed\": {\"object\": \"StudentInformations object (102)\", \"name\": \"student informations\", \"fields\": [\"start_activity\", \"end_activity\"]}}]"}}, {"model": "admin.logentry", "pk": 337, "fields": {"action_time": "2018-11-06T02:32:36.499Z", "user": 1, "content_type": 12, "object_id": "75", "object_repr": "N\u00f3 10.4-AVALIA\u00c7\u00c3O", "action_flag": 2, "change_message": "[{\"changed\": {\"object\": \"StudentInformations object (103)\", \"name\": \"student informations\", \"fields\": [\"start_activity\"]}}, {\"changed\": {\"object\": \"StudentInformations object (104)\", \"name\": \"student informations\", \"fields\": [\"start_activity\"]}}]"}}, {"model": "admin.logentry", "pk": 338, "fields": {"action_time": "2018-11-06T02:32:52.981Z", "user": 1, "content_type": 12, "object_id": "75", "object_repr": "N\u00f3 10.4-AVALIA\u00c7\u00c3O", "action_flag": 2, "change_message": "[{\"changed\": {\"object\": \"StudentInformations object (103)\", \"name\": \"student informations\", \"fields\": [\"end_activity\"]}}, {\"changed\": {\"object\": \"StudentInformations object (104)\", \"name\": \"student informations\", \"fields\": [\"start_activity\", \"end_activity\"]}}]"}}, {"model": "admin.logentry", "pk": 339, "fields": {"action_time": "2018-11-06T02:35:15.402Z", "user": 1, "content_type": 12, "object_id": "68", "object_repr": "N\u00f3 10.2-AVALIA\u00c7\u00c3O", "action_flag": 2, "change_message": "[{\"changed\": {\"object\": \"StudentInformations object (82)\", \"name\": \"student informations\", \"fields\": [\"start_activity\", \"end_activity\"]}}, {\"changed\": {\"object\": \"StudentInformations object (83)\", \"name\": \"student informations\", \"fields\": [\"start_activity\", \"end_activity\"]}}]"}}, {"model": "admin.logentry", "pk": 340, "fields": {"action_time": "2018-11-07T03:40:25.474Z", "user": 1, "content_type": 13, "object_id": "3", "object_repr": "Curso TCC 2", "action_flag": 1, "change_message": "[{\"added\": {}}]"}}, {"model": "admin.logentry", "pk": 341, "fields": {"action_time": "2018-11-07T03:41:13.480Z", "user": 1, "content_type": 12, "object_id": "77", "object_repr": "N\u00f3 1-LEITURA", "action_flag": 1, "change_message": "[{\"added\": {}}]"}}, {"model": "admin.logentry", "pk": 342, "fields": {"action_time": "2018-11-07T03:41:54.811Z", "user": 1, "content_type": 12, "object_id": "77", "object_repr": "N\u00f3 1-LEITURA", "action_flag": 2, "change_message": "[{\"added\": {\"name\": \"student informations\", \"object\": \"StudentInformations object (105)\"}}]"}}, {"model": "admin.logentry", "pk": 343, "fields": {"action_time": "2018-11-07T03:48:04.517Z", "user": 1, "content_type": 7, "object_id": "5", "object_repr": "Turma B", "action_flag": 2, "change_message": "[{\"changed\": {\"fields\": [\"course\"]}}]"}}, {"model": "admin.logentry", "pk": 344, "fields": {"action_time": "2018-11-07T03:52:48.882Z", "user": 1, "content_type": 12, "object_id": "78", "object_repr": "N\u00f3 2-VIDEO AULA", "action_flag": 1, "change_message": "[{\"added\": {}}]"}}, {"model": "admin.logentry", "pk": 345, "fields": {"action_time": "2018-11-07T03:54:31.652Z", "user": 1, "content_type": 12, "object_id": "78", "object_repr": "78-N\u00f3 2-VIDEO AULA", "action_flag": 2, "change_message": "[{\"added\": {\"object\": \"StudentInformations object (106)\", \"name\": \"student informations\"}}]"}}, {"model": "admin.logentry", "pk": 346, "fields": {"action_time": "2018-11-07T04:01:44.002Z", "user": 1, "content_type": 12, "object_id": "78", "object_repr": "78-N\u00f3 2-VIDEO AULA", "action_flag": 2, "change_message": "[{\"changed\": {\"fields\": [\"student\"], \"name\": \"student informations\", \"object\": \"StudentInformations object (106)\"}}]"}}, {"model": "admin.logentry", "pk": 347, "fields": {"action_time": "2018-11-07T04:02:26.773Z", "user": 1, "content_type": 12, "object_id": "79", "object_repr": "79-N\u00f3 3.1-VIDEO AULA", "action_flag": 1, "change_message": "[{\"added\": {}}]"}}, {"model": "admin.logentry", "pk": 348, "fields": {"action_time": "2018-11-07T04:02:48.535Z", "user": 1, "content_type": 12, "object_id": "79", "object_repr": "79-N\u00f3 3.1-VIDEO AULA", "action_flag": 2, "change_message": "[{\"added\": {\"name\": \"student informations\", \"object\": \"StudentInformations object (107)\"}}]"}}, {"model": "admin.logentry", "pk": 349, "fields": {"action_time": "2018-11-08T03:05:21.731Z", "user": 1, "content_type": 12, "object_id": "77", "object_repr": "77-N\u00f3 1-LEITURA", "action_flag": 2, "change_message": "[{\"deleted\": {\"name\": \"student informations\", \"object\": \"StudentInformations object (None)\"}}]"}}, {"model": "admin.logentry", "pk": 350, "fields": {"action_time": "2018-11-08T03:05:28.172Z", "user": 1, "content_type": 12, "object_id": "78", "object_repr": "78-N\u00f3 2-VIDEO AULA", "action_flag": 2, "change_message": "[{\"deleted\": {\"name\": \"student informations\", \"object\": \"StudentInformations object (None)\"}}]"}}, {"model": "admin.logentry", "pk": 351, "fields": {"action_time": "2018-11-08T03:05:33.230Z", "user": 1, "content_type": 12, "object_id": "79", "object_repr": "79-N\u00f3 3.1-VIDEO AULA", "action_flag": 2, "change_message": "[{\"deleted\": {\"name\": \"student informations\", \"object\": \"StudentInformations object (None)\"}}]"}}, {"model": "admin.logentry", "pk": 352, "fields": {"action_time": "2018-11-08T03:11:50.211Z", "user": 1, "content_type": 12, "object_id": "80", "object_repr": "80-N\u00f3 3.2-LEITURA", "action_flag": 1, "change_message": "[{\"added\": {}}]"}}, {"model": "admin.logentry", "pk": 353, "fields": {"action_time": "2018-11-08T03:12:14.385Z", "user": 1, "content_type": 10, "object_id": "14", "object_repr": "ATIVIDADE", "action_flag": 1, "change_message": "[{\"added\": {}}]"}}, {"model": "admin.logentry", "pk": 354, "fields": {"action_time": "2018-11-08T03:12:37.913Z", "user": 1, "content_type": 12, "object_id": "81", "object_repr": "81-N\u00f3 3.3-ATIVIDADE", "action_flag": 1, "change_message": "[{\"added\": {}}, {\"added\": {\"name\": \"student informations\", \"object\": \"StudentInformations object (108)\"}}]"}}, {"model": "admin.logentry", "pk": 355, "fields": {"action_time": "2018-11-08T03:12:48.412Z", "user": 1, "content_type": 12, "object_id": "80", "object_repr": "80-N\u00f3 3.2-LEITURA", "action_flag": 2, "change_message": "[{\"added\": {\"name\": \"student informations\", \"object\": \"StudentInformations object (109)\"}}]"}}, {"model": "admin.logentry", "pk": 356, "fields": {"action_time": "2018-11-08T03:12:57.541Z", "user": 1, "content_type": 12, "object_id": "79", "object_repr": "79-N\u00f3 3.1-VIDEO AULA", "action_flag": 2, "change_message": "[{\"added\": {\"name\": \"student informations\", \"object\": \"StudentInformations object (110)\"}}]"}}, {"model": "admin.logentry", "pk": 357, "fields": {"action_time": "2018-11-08T03:13:07.010Z", "user": 1, "content_type": 12, "object_id": "78", "object_repr": "78-N\u00f3 2-VIDEO AULA", "action_flag": 2, "change_message": "[{\"added\": {\"name\": \"student informations\", \"object\": \"StudentInformations object (111)\"}}]"}}, {"model": "admin.logentry", "pk": 358, "fields": {"action_time": "2018-11-08T03:13:14.393Z", "user": 1, "content_type": 12, "object_id": "77", "object_repr": "77-N\u00f3 1-LEITURA", "action_flag": 2, "change_message": "[{\"added\": {\"name\": \"student informations\", \"object\": \"StudentInformations object (112)\"}}]"}}, {"model": "admin.logentry", "pk": 359, "fields": {"action_time": "2018-11-08T03:14:25.294Z", "user": 1, "content_type": 12, "object_id": "82", "object_repr": "82-N\u00f3 4.1-ATIVIDADE", "action_flag": 1, "change_message": "[{\"added\": {}}, {\"added\": {\"name\": \"student informations\", \"object\": \"StudentInformations object (113)\"}}]"}}, {"model": "admin.logentry", "pk": 360, "fields": {"action_time": "2018-11-08T03:14:54.123Z", "user": 1, "content_type": 12, "object_id": "83", "object_repr": "83-N\u00f3 4.2-ATIVIDADE", "action_flag": 1, "change_message": "[{\"added\": {}}, {\"added\": {\"name\": \"student informations\", \"object\": \"StudentInformations object (114)\"}}]"}}, {"model": "admin.logentry", "pk": 361, "fields": {"action_time": "2018-11-08T03:15:46.642Z", "user": 1, "content_type": 10, "object_id": "15", "object_repr": "AVALIA\u00c7\u00c3O PARCIAL", "action_flag": 1, "change_message": "[{\"added\": {}}]"}}, {"model": "admin.logentry", "pk": 362, "fields": {"action_time": "2018-11-08T03:16:00.985Z", "user": 1, "content_type": 12, "object_id": "84", "object_repr": "84-N\u00f3 5.1-AVALIA\u00c7\u00c3O PARCIAL", "action_flag": 1, "change_message": "[{\"added\": {}}, {\"added\": {\"name\": \"student informations\", \"object\": \"StudentInformations object (115)\"}}]"}}, {"model": "admin.logentry", "pk": 363, "fields": {"action_time": "2018-11-08T03:16:43.105Z", "user": 1, "content_type": 12, "object_id": "85", "object_repr": "85-N\u00f3 5.2-AVALIA\u00c7\u00c3O PARCIAL", "action_flag": 1, "change_message": "[{\"added\": {}}, {\"added\": {\"name\": \"student informations\", \"object\": \"StudentInformations object (116)\"}}]"}}, {"model": "admin.logentry", "pk": 364, "fields": {"action_time": "2018-11-08T03:17:33.206Z", "user": 1, "content_type": 12, "object_id": "86", "object_repr": "86-N\u00f3 5.3-AVALIA\u00c7\u00c3O PARCIAL", "action_flag": 1, "change_message": "[{\"added\": {}}, {\"added\": {\"name\": \"student informations\", \"object\": \"StudentInformations object (117)\"}}]"}}, {"model": "admin.logentry", "pk": 365, "fields": {"action_time": "2018-11-08T03:21:17.258Z", "user": 1, "content_type": 12, "object_id": "87", "object_repr": "87-N\u00f3 6.1-VIDEO AULA", "action_flag": 1, "change_message": "[{\"added\": {}}, {\"added\": {\"name\": \"student informations\", \"object\": \"StudentInformations object (118)\"}}]"}}, {"model": "admin.logentry", "pk": 366, "fields": {"action_time": "2018-11-08T03:21:52.885Z", "user": 1, "content_type": 12, "object_id": "88", "object_repr": "88-N\u00f3 6.2-LEITURA", "action_flag": 1, "change_message": "[{\"added\": {}}, {\"added\": {\"name\": \"student informations\", \"object\": \"StudentInformations object (119)\"}}]"}}, {"model": "admin.logentry", "pk": 367, "fields": {"action_time": "2018-11-08T03:22:22.260Z", "user": 1, "content_type": 12, "object_id": "89", "object_repr": "89-N\u00f3 6.3-VIDEO AULA", "action_flag": 1, "change_message": "[{\"added\": {}}, {\"added\": {\"name\": \"student informations\", \"object\": \"StudentInformations object (120)\"}}]"}}, {"model": "admin.logentry", "pk": 368, "fields": {"action_time": "2018-11-08T03:22:48.106Z", "user": 1, "content_type": 12, "object_id": "90", "object_repr": "90-N\u00f3 6.4-LEITURA", "action_flag": 1, "change_message": "[{\"added\": {}}, {\"added\": {\"name\": \"student informations\", \"object\": \"StudentInformations object (121)\"}}]"}}, {"model": "admin.logentry", "pk": 369, "fields": {"action_time": "2018-11-08T03:23:17.335Z", "user": 1, "content_type": 12, "object_id": "91", "object_repr": "91-N\u00f3 6.5-VIDEO AULA", "action_flag": 1, "change_message": "[{\"added\": {}}, {\"added\": {\"name\": \"student informations\", \"object\": \"StudentInformations object (122)\"}}]"}}, {"model": "admin.logentry", "pk": 370, "fields": {"action_time": "2018-11-08T03:23:37.654Z", "user": 1, "content_type": 12, "object_id": "92", "object_repr": "92-N\u00f3 6.6-LEITURA", "action_flag": 1, "change_message": "[{\"added\": {}}, {\"added\": {\"name\": \"student informations\", \"object\": \"StudentInformations object (123)\"}}]"}}, {"model": "admin.logentry", "pk": 371, "fields": {"action_time": "2018-11-08T03:24:46.998Z", "user": 1, "content_type": 12, "object_id": "93", "object_repr": "93-N\u00f3 7.1-VIDEO AULA", "action_flag": 1, "change_message": "[{\"added\": {}}, {\"added\": {\"name\": \"student informations\", \"object\": \"StudentInformations object (124)\"}}]"}}, {"model": "admin.logentry", "pk": 372, "fields": {"action_time": "2018-11-08T03:25:28.804Z", "user": 1, "content_type": 12, "object_id": "94", "object_repr": "94-N\u00f3 7.2-AVALIA\u00c7\u00c3O", "action_flag": 1, "change_message": "[{\"added\": {}}, {\"added\": {\"name\": \"student informations\", \"object\": \"StudentInformations object (125)\"}}]"}}, {"model": "admin.logentry", "pk": 373, "fields": {"action_time": "2018-11-08T03:26:08.658Z", "user": 1, "content_type": 12, "object_id": "95", "object_repr": "95-N\u00f3 7.3-VIDEO AULA", "action_flag": 1, "change_message": "[{\"added\": {}}, {\"added\": {\"name\": \"student informations\", \"object\": \"StudentInformations object (126)\"}}]"}}, {"model": "admin.logentry", "pk": 374, "fields": {"action_time": "2018-11-08T03:26:39.444Z", "user": 1, "content_type": 12, "object_id": "96", "object_repr": "96-N\u00f3 7.4-AVALIA\u00c7\u00c3O", "action_flag": 1, "change_message": "[{\"added\": {}}, {\"added\": {\"name\": \"student informations\", \"object\": \"StudentInformations object (127)\"}}]"}}, {"model": "admin.logentry", "pk": 375, "fields": {"action_time": "2018-11-08T03:27:03.593Z", "user": 1, "content_type": 12, "object_id": "97", "object_repr": "97-N\u00f3 7.5-VIDEO AULA", "action_flag": 1, "change_message": "[{\"added\": {}}, {\"added\": {\"name\": \"student informations\", \"object\": \"StudentInformations object (128)\"}}]"}}, {"model": "admin.logentry", "pk": 376, "fields": {"action_time": "2018-11-08T03:27:29.554Z", "user": 1, "content_type": 12, "object_id": "98", "object_repr": "98-N\u00f3 7.6-AVALIA\u00c7\u00c3O", "action_flag": 1, "change_message": "[{\"added\": {}}, {\"added\": {\"name\": \"student informations\", \"object\": \"StudentInformations object (129)\"}}]"}}, {"model": "admin.logentry", "pk": 377, "fields": {"action_time": "2018-11-08T03:27:54.993Z", "user": 1, "content_type": 12, "object_id": "99", "object_repr": "99-N\u00f3 8.1-AVALIA\u00c7\u00c3O", "action_flag": 1, "change_message": "[{\"added\": {}}, {\"added\": {\"name\": \"student informations\", \"object\": \"StudentInformations object (130)\"}}]"}}, {"model": "admin.logentry", "pk": 378, "fields": {"action_time": "2018-11-08T03:28:19.310Z", "user": 1, "content_type": 12, "object_id": "100", "object_repr": "100-N\u00f3 8.2-AVALIA\u00c7\u00c3O", "action_flag": 1, "change_message": "[{\"added\": {}}, {\"added\": {\"name\": \"student informations\", \"object\": \"StudentInformations object (131)\"}}]"}}, {"model": "admin.logentry", "pk": 379, "fields": {"action_time": "2018-11-08T03:28:32.354Z", "user": 1, "content_type": 12, "object_id": "99", "object_repr": "99-N\u00f3 8.1-AVALIA\u00c7\u00c3O", "action_flag": 2, "change_message": "[{\"changed\": {\"name\": \"student informations\", \"object\": \"StudentInformations object (130)\", \"fields\": [\"notes\"]}}]"}}, {"model": "admin.logentry", "pk": 380, "fields": {"action_time": "2018-11-08T03:29:12.680Z", "user": 1, "content_type": 12, "object_id": "101", "object_repr": "101-N\u00f3 8.3-AVALIA\u00c7\u00c3O", "action_flag": 1, "change_message": "[{\"added\": {}}, {\"added\": {\"name\": \"student informations\", \"object\": \"StudentInformations object (132)\"}}]"}}, {"model": "admin.logentry", "pk": 381, "fields": {"action_time": "2018-11-08T03:32:13.392Z", "user": 1, "content_type": 12, "object_id": "81", "object_repr": "81-N\u00f3 3.3-ATIVIDADE", "action_flag": 2, "change_message": "[{\"changed\": {\"name\": \"student informations\", \"object\": \"StudentInformations object (108)\", \"fields\": [\"notes\"]}}]"}}, {"model": "admin.logentry", "pk": 382, "fields": {"action_time": "2018-11-09T01:33:46.066Z", "user": 1, "content_type": 12, "object_id": "101", "object_repr": "101-N\u00f3 8.3-AVALIA\u00c7\u00c3O", "action_flag": 2, "change_message": "[{\"deleted\": {\"name\": \"student informations\", \"object\": \"StudentInformations object (None)\"}}]"}}, {"model": "admin.logentry", "pk": 383, "fields": {"action_time": "2018-11-09T01:45:26.750Z", "user": 1, "content_type": 8, "object_id": "31", "object_repr": "LAINE", "action_flag": 1, "change_message": "[{\"added\": {}}]"}}, {"model": "admin.logentry", "pk": 384, "fields": {"action_time": "2018-11-09T01:46:01.146Z", "user": 1, "content_type": 12, "object_id": "77", "object_repr": "77-N\u00f3 1-LEITURA", "action_flag": 2, "change_message": "[{\"added\": {\"name\": \"student informations\", \"object\": \"StudentInformations object (147)\"}}]"}}, {"model": "admin.logentry", "pk": 385, "fields": {"action_time": "2018-11-09T01:46:15.836Z", "user": 1, "content_type": 12, "object_id": "78", "object_repr": "78-N\u00f3 2-VIDEO AULA", "action_flag": 2, "change_message": "[{\"added\": {\"name\": \"student informations\", \"object\": \"StudentInformations object (148)\"}}]"}}, {"model": "admin.logentry", "pk": 386, "fields": {"action_time": "2018-11-09T01:46:39.210Z", "user": 1, "content_type": 12, "object_id": "78", "object_repr": "78-N\u00f3 2-VIDEO AULA", "action_flag": 2, "change_message": "[{\"deleted\": {\"name\": \"student informations\", \"object\": \"StudentInformations object (None)\"}}]"}}, {"model": "admin.logentry", "pk": 387, "fields": {"action_time": "2018-11-09T02:01:30.944Z", "user": 1, "content_type": 12, "object_id": "77", "object_repr": "77-N\u00f3 1-LEITURA", "action_flag": 2, "change_message": "[{\"added\": {\"name\": \"student informations\", \"object\": \"StudentInformations object (168)\"}}, {\"added\": {\"name\": \"student informations\", \"object\": \"StudentInformations object (169)\"}}, {\"added\": {\"name\": \"student informations\", \"object\": \"StudentInformations object (170)\"}}]"}}, {"model": "admin.logentry", "pk": 388, "fields": {"action_time": "2018-11-09T02:03:09.971Z", "user": 1, "content_type": 12, "object_id": "77", "object_repr": "77-N\u00f3 1-LEITURA", "action_flag": 2, "change_message": "[{\"deleted\": {\"object\": \"StudentInformations object (None)\", \"name\": \"student informations\"}}]"}}, {"model": "admin.logentry", "pk": 389, "fields": {"action_time": "2018-11-09T02:04:05.366Z", "user": 1, "content_type": 12, "object_id": "78", "object_repr": "78-N\u00f3 2-VIDEO AULA", "action_flag": 2, "change_message": "[{\"added\": {\"object\": \"StudentInformations object (171)\", \"name\": \"student informations\"}}, {\"added\": {\"object\": \"StudentInformations object (172)\", \"name\": \"student informations\"}}, {\"added\": {\"object\": \"StudentInformations object (173)\", \"name\": \"student informations\"}}]"}}, {"model": "admin.logentry", "pk": 390, "fields": {"action_time": "2018-11-09T02:05:50.354Z", "user": 1, "content_type": 12, "object_id": "81", "object_repr": "81-N\u00f3 3.3-ATIVIDADE", "action_flag": 2, "change_message": "[{\"added\": {\"object\": \"StudentInformations object (174)\", \"name\": \"student informations\"}}, {\"added\": {\"object\": \"StudentInformations object (175)\", \"name\": \"student informations\"}}, {\"added\": {\"object\": \"StudentInformations object (176)\", \"name\": \"student informations\"}}]"}}, {"model": "admin.logentry", "pk": 391, "fields": {"action_time": "2018-11-09T02:06:35.337Z", "user": 1, "content_type": 12, "object_id": "81", "object_repr": "81-N\u00f3 3.3-ATIVIDADE", "action_flag": 2, "change_message": "[{\"changed\": {\"object\": \"StudentInformations object (174)\", \"name\": \"student informations\", \"fields\": [\"notes\"]}}, {\"changed\": {\"object\": \"StudentInformations object (175)\", \"name\": \"student informations\", \"fields\": [\"notes\"]}}]"}}, {"model": "admin.logentry", "pk": 392, "fields": {"action_time": "2018-11-09T02:20:16.051Z", "user": 1, "content_type": 12, "object_id": "83", "object_repr": "83-N\u00f3 4.2-ATIVIDADE", "action_flag": 2, "change_message": "[{\"changed\": {\"object\": \"StudentInformations object (166)\", \"name\": \"student informations\", \"fields\": [\"notes\"]}}, {\"changed\": {\"object\": \"StudentInformations object (167)\", \"name\": \"student informations\", \"fields\": [\"notes\"]}}]"}}, {"model": "admin.logentry", "pk": 393, "fields": {"action_time": "2018-11-09T02:25:15.380Z", "user": 1, "content_type": 12, "object_id": "85", "object_repr": "85-N\u00f3 5.2-AVALIA\u00c7\u00c3O PARCIAL", "action_flag": 2, "change_message": "[{\"changed\": {\"object\": \"StudentInformations object (187)\", \"name\": \"student informations\", \"fields\": [\"notes\", \"amount_access\"]}}, {\"changed\": {\"object\": \"StudentInformations object (188)\", \"name\": \"student informations\", \"fields\": [\"notes\", \"amount_access\"]}}]"}}, {"model": "admin.logentry", "pk": 394, "fields": {"action_time": "2018-11-09T02:32:43.784Z", "user": 1, "content_type": 12, "object_id": "86", "object_repr": "86-N\u00f3 5.3-AVALIA\u00c7\u00c3O PARCIAL", "action_flag": 2, "change_message": "[{\"changed\": {\"object\": \"StudentInformations object (191)\", \"name\": \"student informations\", \"fields\": [\"notes\"]}}, {\"changed\": {\"object\": \"StudentInformations object (192)\", \"name\": \"student informations\", \"fields\": [\"notes\"]}}, {\"changed\": {\"object\": \"StudentInformations object (193)\", \"name\": \"student informations\", \"fields\": [\"notes\"]}}]"}}, {"model": "admin.logentry", "pk": 395, "fields": {"action_time": "2018-11-09T02:34:22.762Z", "user": 1, "content_type": 12, "object_id": "94", "object_repr": "94-N\u00f3 7.2-AVALIA\u00c7\u00c3O", "action_flag": 2, "change_message": "[{\"changed\": {\"object\": \"StudentInformations object (182)\", \"name\": \"student informations\", \"fields\": [\"notes\"]}}, {\"changed\": {\"object\": \"StudentInformations object (183)\", \"name\": \"student informations\", \"fields\": [\"notes\"]}}, {\"changed\": {\"object\": \"StudentInformations object (184)\", \"name\": \"student informations\", \"fields\": [\"notes\"]}}, {\"changed\": {\"object\": \"StudentInformations object (185)\", \"name\": \"student informations\", \"fields\": [\"notes\"]}}, {\"changed\": {\"object\": \"StudentInformations object (186)\", \"name\": \"student informations\", \"fields\": [\"notes\"]}}]"}}, {"model": "admin.logentry", "pk": 396, "fields": {"action_time": "2018-11-09T02:39:22.518Z", "user": 1, "content_type": 12, "object_id": "102", "object_repr": "102-conector turma b-conectar n\u00f3s", "action_flag": 1, "change_message": "[{\"added\": {}}]"}}, {"model": "admin.logentry", "pk": 397, "fields": {"action_time": "2018-11-09T02:50:09.686Z", "user": 1, "content_type": 12, "object_id": "103", "object_repr": "103-N\u00f3 7.6-AVALIA\u00c7\u00c3O", "action_flag": 1, "change_message": "[{\"added\": {}}]"}}, {"model": "admin.logentry", "pk": 398, "fields": {"action_time": "2018-11-09T03:10:16.276Z", "user": 1, "content_type": 12, "object_id": "102", "object_repr": "102-conector turma b-conectar n\u00f3s", "action_flag": 2, "change_message": "[{\"changed\": {\"fields\": [\"end_node_conexction\"]}}]"}}]